"year","abs_residual_days","within_axis_limits"
2003,1.49618703329282,TRUE
2004,1.89954079473036,TRUE
2005,0.343237600765816,TRUE
2006,3.13641777540805,TRUE
2007,3.29556695313215,TRUE
2008,3.31166749813526,TRUE
2009,5.3124217103108,TRUE
2010,26.7268403058902,TRUE
2011,10.0626830473598,TRUE
2012,6.34499290777851,TRUE
2013,6.84538196162361,TRUE
2014,6.59107340543828,TRUE
2015,8.24604571750054,TRUE
2016,6.59496799111431,TRUE
2017,8.8980076571752,TRUE
2018,47.0964137136817,TRUE
2019,9.13715840233277,TRUE
2020,10.6272915494649,TRUE
2021,1.55284534945622,TRUE
2022,46.3969779347719,TRUE
2023,20.5844595739131,TRUE
