"year","n_successful","n_records_year","proportion_successful","within_axis_limits"
2003,36,262,0.137404580152672,TRUE
2004,457,558,0.818996415770609,TRUE
2005,120,442,0.271493212669683,TRUE
2006,624,659,0.946889226100152,TRUE
2007,228,290,0.786206896551724,TRUE
2008,577,638,0.904388714733542,TRUE
2009,470,567,0.828924162257496,TRUE
2010,60,252,0.238095238095238,TRUE
2011,760,902,0.842572062084257,TRUE
2012,250,566,0.441696113074205,TRUE
2013,212,602,0.352159468438538,TRUE
2014,52,387,0.134366925064599,TRUE
2015,2,163,0.0122699386503067,TRUE
2016,0,2,0,TRUE
2017,169,442,0.382352941176471,TRUE
2018,133,329,0.404255319148936,TRUE
2019,68,241,0.282157676348548,TRUE
2020,70,203,0.344827586206897,TRUE
2021,323,357,0.904761904761905,TRUE
2022,212,261,0.812260536398467,TRUE
2023,184,255,0.72156862745098,TRUE
