"year","posterior_median","lower_95","upper_95","within_x_axis_limits","drawn_median","drawn_lower_95","drawn_upper_95","n_draws_within_axis_limits"
2003,21.3488239535063,20.2272931465674,22.5050956040454,TRUE,21.3488239535063,20.2272931465674,22.5050956040454,16000
2003.20202020202,21.4490389734716,20.3395473386328,22.5946286239053,TRUE,21.4490389734716,20.3395473386328,22.5946286239053,16000
2003.40404040404,21.5479485062821,20.4502217476669,22.6841204704001,TRUE,21.5479485062821,20.4502217476669,22.6841204704001,16000
2003.60606060606,21.6491896500968,20.5641690704144,22.7694151758067,TRUE,21.6491896500968,20.5641690704144,22.7694151758067,16000
2003.80808080808,21.7499625611675,20.677203265937,22.8609579058721,TRUE,21.7499625611675,20.677203265937,22.8609579058721,16000
2004.0101010101,21.8514669349,20.7884882625238,22.9494178163646,TRUE,21.8514669349,20.7884882625238,22.9494178163646,16000
2004.21212121212,21.9535303131111,20.9024080786297,23.0410256055933,TRUE,21.9535303131111,20.9024080786297,23.0410256055933,16000
2004.41414141414,22.0561738316063,21.0158261700856,23.1299944260172,TRUE,22.0561738316063,21.0158261700856,23.1299944260172,16000
2004.61616161616,22.1607458190687,21.1292707348888,23.2203668302451,TRUE,22.1607458190687,21.1292707348888,23.2203668302451,16000
2004.81818181818,22.265138789129,21.2429459939972,23.3135562151261,TRUE,22.2651387891291,21.2429459939972,23.3135562151261,16000
2005.0202020202,22.3696416064935,21.3568589502501,23.4081909418979,TRUE,22.3696416064935,21.3568589502501,23.4081909418979,16000
2005.22222222222,22.4731998601399,21.4715694478209,23.5018038116725,TRUE,22.4731998601399,21.4715694478209,23.5018038116725,16000
2005.42424242424,22.5792292583419,21.5858307667547,23.5971446239845,TRUE,22.5792292583419,21.5858307667547,23.5971446239845,16000
2005.62626262626,22.6842498923123,21.698396679988,23.6917083949029,TRUE,22.6842498923123,21.698396679988,23.6917083949029,16000
2005.82828282828,22.7916187284238,21.8187494112373,23.7885286171383,TRUE,22.7916187284238,21.8187494112373,23.7885286171383,16000
2006.0303030303,22.8983145922744,21.9360350661885,23.8868082719763,TRUE,22.8983145922744,21.9360350661885,23.8868082719763,16000
2006.23232323232,23.005843334991,22.0531300688346,23.9820633391792,TRUE,23.005843334991,22.0531300688346,23.9820633391792,16000
2006.43434343434,23.1132382621748,22.1678758145256,24.0798549861755,TRUE,23.1132382621748,22.1678758145256,24.0798549861755,16000
2006.63636363636,23.2216093945912,22.2845375947994,24.1776912577714,TRUE,23.2216093945912,22.2845375947994,24.1776912577714,16000
2006.83838383838,23.3294570991084,22.4008304914447,24.2796784040746,TRUE,23.3294570991084,22.4008304914447,24.2796784040746,16000
2007.0404040404,23.437511887982,22.5201572245833,24.380330135529,TRUE,23.437511887982,22.5201572245833,24.380330135529,16000
2007.24242424242,23.5467692964965,22.6340398784583,24.4800275822645,TRUE,23.5467692964965,22.6340398784583,24.4800275822645,16000
2007.44444444444,23.6575643883184,22.7524903192997,24.585572286746,TRUE,23.6575643883184,22.7524903192997,24.585572286746,16000
2007.64646464646,23.7685434537508,22.8682007863163,24.6892694601023,TRUE,23.7685434537508,22.8682007863163,24.6892694601023,16000
2007.84848484848,23.8807053239741,22.9848855525203,24.7933633236819,TRUE,23.8807053239741,22.9848855525203,24.7933633236819,16000
2008.05050505051,23.9922242331202,23.1054165440512,24.9011224150846,TRUE,23.9922242331202,23.1054165440512,24.9011224150846,16000
2008.25252525253,24.1051943294744,23.2245081516588,25.0083135058466,TRUE,24.1051943294744,23.2245081516588,25.0083135058466,16000
2008.45454545455,24.2169501699343,23.3409780111191,25.1142719651755,TRUE,24.2169501699343,23.3409780111191,25.1142719651755,16000
2008.65656565657,24.3309329792742,23.4600567176201,25.2261481136627,TRUE,24.3309329792742,23.4600567176201,25.2261481136627,16000
2008.85858585859,24.4456767342037,23.5785364708768,25.3394715162927,TRUE,24.4456767342037,23.5785364708768,25.3394715162927,16000
2009.06060606061,24.5603744909521,23.69720901113,25.4488093453338,TRUE,24.5603744909521,23.69720901113,25.4488093453338,16000
2009.26262626263,24.6761472943238,23.8165350538651,25.5567068485361,TRUE,24.6761472943238,23.8165350538651,25.5567068485361,16000
2009.46464646465,24.7922923551581,23.9383687945829,25.669176939096,TRUE,24.7922923551581,23.9383687945829,25.669176939096,16000
2009.66666666667,24.9090099142048,24.0563079945784,25.779622736978,TRUE,24.9090099142048,24.0563079945784,25.779622736978,16000
2009.86868686869,25.0246436046907,24.1723355347222,25.8933049499915,TRUE,25.0246436046907,24.1723355347222,25.8933049499915,16000
2010.07070707071,25.1415518888535,24.2921857548015,26.0103877141757,TRUE,25.1415518888535,24.2921857548015,26.0103877141757,16000
2010.27272727273,25.2577866487929,24.4122241079574,26.1302838630372,TRUE,25.2577866487929,24.4122241079574,26.1302838630372,16000
2010.47474747475,25.3769421156757,24.5305907966991,26.2482423510167,TRUE,25.3769421156757,24.5305907966991,26.2482423510167,16000
2010.67676767677,25.4960869458698,24.6493535982871,26.3713245821924,TRUE,25.4960869458698,24.6493535982871,26.3713245821924,16000
2010.87878787879,25.615912625638,24.7696482853172,26.4913362083535,TRUE,25.615912625638,24.7696482853172,26.4913362083535,16000
2011.08080808081,25.735744773189,24.8858251988539,26.6092194543004,TRUE,25.735744773189,24.8858251988539,26.6092194543004,16000
2011.28282828283,25.8564591122736,25.0031898074284,26.7352502561121,TRUE,25.8564591122736,25.0031898074284,26.7352502561121,16000
2011.48484848485,25.9767470249296,25.1215886221705,26.8577861194079,TRUE,25.9767470249296,25.1215886221705,26.8577861194079,16000
2011.68686868687,26.0982605497891,25.2393896276924,26.9832312531421,TRUE,26.0982605497891,25.2393896276924,26.9832312531421,16000
2011.88888888889,26.2207634731505,25.3571056169424,27.1113346378325,TRUE,26.2207634731505,25.3571056169424,27.1113346378325,16000
2012.09090909091,26.3440013314731,25.4791574426058,27.2414251022871,TRUE,26.3440013314731,25.4791574426058,27.2414251022871,16000
2012.29292929293,26.4678295206942,25.5973465705091,27.3761036855842,TRUE,26.4678295206942,25.5973465705091,27.3761036855842,16000
2012.49494949495,26.5920382022398,25.7154201583699,27.5057238425733,TRUE,26.5920382022398,25.7154201583699,27.5057238425733,16000
2012.69696969697,26.7180430340015,25.8304634553364,27.6424221443716,TRUE,26.7180430340015,25.8304634553364,27.6424221443716,16000
2012.89898989899,26.8431981387488,25.9451642940064,27.777983652851,TRUE,26.8431981387488,25.9451642940064,27.777983652851,16000
2013.10101010101,26.9685361205308,26.062044300907,27.9162247930381,TRUE,26.9685361205308,26.062044300907,27.9162247930381,16000
2013.30303030303,27.0951371935223,26.1814281894515,28.0543260889577,TRUE,27.0951371935223,26.1814281894515,28.0543260889577,16000
2013.50505050505,27.2218719074392,26.3003161937793,28.195059021608,TRUE,27.2218719074392,26.3003161937793,28.195059021608,16000
2013.70707070707,27.3489314451495,26.4124604953726,28.3349695531411,TRUE,27.3489314451495,26.4124604953726,28.3349695531411,16000
2013.90909090909,27.4777111505172,26.5297725668097,28.4762113081879,TRUE,27.4777111505172,26.5297725668097,28.4762113081879,16000
2014.11111111111,27.6066417420662,26.6444133202115,28.6195678551474,TRUE,27.6066417420662,26.6444133202115,28.6195678551474,16000
2014.31313131313,27.7363394787478,26.7588705303537,28.7640409787401,TRUE,27.7363394787478,26.7588705303537,28.7640409787401,16000
2014.51515151515,27.8656810193619,26.8767497976017,28.9082318704239,TRUE,27.8656810193619,26.8767497976017,28.9082318704239,16000
2014.71717171717,27.9965815569672,26.9924221476241,29.0545619140935,TRUE,27.9965815569672,26.9924221476241,29.0545619140935,16000
2014.91919191919,28.1290048090257,27.1068142503289,29.2038028893117,TRUE,28.1290048090257,27.1068142503289,29.2038028893117,16000
2015.12121212121,28.2609781016476,27.2227883467216,29.3551140086222,TRUE,28.2609781016476,27.2227883467216,29.3551140086222,16000
2015.32323232323,28.3943789248744,27.3396162802501,29.5054456523072,TRUE,28.3943789248744,27.3396162802501,29.5054456523072,16000
2015.52525252525,28.5269613630191,27.4561595652824,29.6588322541181,TRUE,28.5269613630191,27.4561595652824,29.6588322541181,16000
2015.72727272727,28.6602692021933,27.5674228745267,29.8139007432926,TRUE,28.6602692021934,27.5674228745267,29.8139007432926,16000
2015.92929292929,28.792586553379,27.6822714147434,29.9731097434487,TRUE,28.792586553379,27.6822714147434,29.9731097434487,16000
2016.13131313131,28.9283158058865,27.8013551372407,30.129426989402,TRUE,28.9283158058865,27.8013551372407,30.129426989402,16000
2016.33333333333,29.0634426897987,27.9213721467581,30.2892422186047,TRUE,29.0634426897987,27.9213721467581,30.2892422186047,16000
2016.53535353535,29.1982012962485,28.0400118276516,30.4516312186797,TRUE,29.1982012962485,28.0400118276516,30.4516312186797,16000
2016.73737373737,29.3351323487892,28.1531370542779,30.6128225587627,TRUE,29.3351323487892,28.1531370542779,30.6128225587627,16000
2016.93939393939,29.4716302337324,28.2681430268004,30.7715021784598,TRUE,29.4716302337324,28.2681430268004,30.7715021784598,16000
2017.14141414141,29.6085141776426,28.3811802921348,30.9370598162188,TRUE,29.6085141776426,28.3811802921348,30.9370598162188,16000
2017.34343434343,29.7464182648865,28.4983643646995,31.1048427217492,TRUE,29.7464182648865,28.4983643646995,31.1048427217492,16000
2017.54545454545,29.8846209825423,28.6125647278007,31.2728212682372,TRUE,29.8846209825423,28.6125647278007,31.2728212682372,16000
2017.74747474747,30.025985845404,28.7271800393582,31.4395536118517,TRUE,30.025985845404,28.7271800393582,31.4395536118517,16000
2017.94949494949,30.1662356477824,28.8377756203685,31.6041710238488,TRUE,30.1662356477824,28.8377756203685,31.6041710238488,16000
2018.15151515152,30.305986752069,28.948795495656,31.7748577820663,TRUE,30.305986752069,28.948795495656,31.7748577820663,16000
2018.35353535354,30.4487095133016,29.0651018165308,31.9490755335377,TRUE,30.4487095133016,29.0651018165308,31.9490755335377,16000
2018.55555555556,30.5898696761792,29.1861360568674,32.1197291250496,TRUE,30.5898696761792,29.1861360568674,32.1197291250496,16000
2018.75757575758,30.7352273462727,29.3030591179407,32.2909411586699,TRUE,30.7352273462727,29.3030591179407,32.2909411586699,16000
2018.9595959596,30.8779393757948,29.4173080373733,32.4668942913575,TRUE,30.8779393757948,29.4173080373733,32.4668942913575,16000
2019.16161616162,31.0224808976533,29.5376082151522,32.6441393364346,TRUE,31.0224808976533,29.5376082151522,32.6441393364346,16000
2019.36363636364,31.1671639792917,29.6578211057878,32.8173119180378,TRUE,31.1671639792917,29.6578211057878,32.8173119180378,16000
2019.56565656566,31.3123320711322,29.7773371909904,32.996336164605,TRUE,31.3123320711322,29.7773371909904,32.996336164605,16000
2019.76767676768,31.4596843814056,29.8958438547165,33.1811045172193,TRUE,31.4596843814056,29.8958438547165,33.1811045172193,16000
2019.9696969697,31.6075036129725,30.0121280021316,33.3611266472156,TRUE,31.6075036129725,30.0121280021316,33.3611266472156,16000
2020.17171717172,31.7550153660553,30.129063645595,33.5415695631775,TRUE,31.7550153660553,30.129063645595,33.5415695631775,16000
2020.37373737374,31.9040017832314,30.2417489143416,33.7284409031562,TRUE,31.9040017832314,30.2417489143416,33.7284409031562,16000
2020.57575757576,32.0544531086999,30.3586959174082,33.9129008827008,TRUE,32.0544531086999,30.3586959174082,33.9129008827008,16000
2020.77777777778,32.204283896531,30.4805923335157,34.0974381733983,TRUE,32.204283896531,30.4805923335157,34.0974381733983,16000
2020.9797979798,32.3555291677104,30.6026211873197,34.2823030167722,TRUE,32.3555291677104,30.6026211873197,34.2823030167722,16000
2021.18181818182,32.5082147940528,30.7247311203264,34.4719887580766,TRUE,32.5082147940528,30.7247311203264,34.4719887580766,16000
2021.38383838384,32.6605459916045,30.8432630606719,34.6587586789982,TRUE,32.6605459916045,30.8432630606719,34.6587586789982,16000
2021.58585858586,32.8135388924648,30.9593203703371,34.8516056567398,TRUE,32.8135388924648,30.9593203703371,34.8516056567398,16000
2021.78787878788,32.9678369709258,31.0758359717404,35.0463219409601,TRUE,32.9678369709258,31.0758359717404,35.0463219409601,16000
2021.9898989899,33.1240621774411,31.1936843062918,35.2407014181943,TRUE,33.1240621774411,31.1936843062918,35.2407014181943,16000
2022.19191919192,33.2788698617154,31.3128983148439,35.432527296504,TRUE,33.2788698617154,31.3128983148439,35.432527296504,16000
2022.39393939394,33.4342043983541,31.4334142023218,35.6309848654758,TRUE,33.4342043983541,31.4334142023218,35.6309848654758,16000
2022.59595959596,33.5927037830602,31.5609618305187,35.8250737603226,TRUE,33.5927037830602,31.5609618305187,35.8250737603226,16000
2022.79797979798,33.752026522338,31.6829057681502,36.0229866407852,TRUE,33.752026522338,31.6829057681502,36.0229866407852,16000
2023,33.9092780149394,31.8040677432941,36.2287608991196,TRUE,33.9092780149394,31.8040677432941,36.2287608991196,16000
