"sex","year","fledglings","breeding_records"
"Females",2003,0,226
"Females",2003,1,33
"Females",2003,2,3
"Females",2004,0,101
"Females",2004,1,273
"Females",2004,2,184
"Females",2005,0,322
"Females",2005,1,104
"Females",2005,2,15
"Females",2005,3,1
"Females",2006,0,35
"Females",2006,1,202
"Females",2006,2,370
"Females",2006,3,52
"Females",2007,0,62
"Females",2007,1,130
"Females",2007,2,97
"Females",2007,3,1
"Females",2008,0,61
"Females",2008,1,157
"Females",2008,2,294
"Females",2008,3,126
"Females",2009,0,97
"Females",2009,1,229
"Females",2009,2,223
"Females",2009,3,18
"Females",2010,0,192
"Females",2010,1,49
"Females",2010,2,11
"Females",2011,0,142
"Females",2011,1,269
"Females",2011,2,406
"Females",2011,3,85
"Females",2012,0,316
"Females",2012,1,137
"Females",2012,2,106
"Females",2012,3,7
"Females",2013,0,390
"Females",2013,1,149
"Females",2013,2,62
"Females",2013,3,1
"Females",2014,0,335
"Females",2014,1,47
"Females",2014,2,5
"Females",2015,0,161
"Females",2015,1,2
"Females",2016,0,2
"Females",2017,0,273
"Females",2017,1,107
"Females",2017,2,61
"Females",2017,3,1
"Females",2018,0,196
"Females",2018,1,85
"Females",2018,2,47
"Females",2018,3,1
"Females",2019,0,173
"Females",2019,1,62
"Females",2019,2,6
"Females",2020,0,133
"Females",2020,1,42
"Females",2020,2,28
"Females",2021,0,34
"Females",2021,1,112
"Females",2021,2,166
"Females",2021,3,45
"Females",2022,0,49
"Females",2022,1,103
"Females",2022,2,98
"Females",2022,3,11
"Females",2023,0,71
"Females",2023,1,84
"Females",2023,2,87
"Females",2023,3,13
"Males",2003,0,251
"Males",2003,1,31
"Males",2003,2,2
"Males",2004,0,85
"Males",2004,1,276
"Males",2004,2,182
"Males",2004,3,1
"Males",2005,0,329
"Males",2005,1,102
"Males",2005,2,15
"Males",2006,0,47
"Males",2006,1,204
"Males",2006,2,368
"Males",2006,3,48
"Males",2007,0,72
"Males",2007,1,152
"Males",2007,2,104
"Males",2007,3,1
"Males",2008,0,53
"Males",2008,1,151
"Males",2008,2,291
"Males",2008,3,126
"Males",2009,0,111
"Males",2009,1,225
"Males",2009,2,236
"Males",2009,3,17
"Males",2010,0,222
"Males",2010,1,56
"Males",2010,2,11
"Males",2011,0,160
"Males",2011,1,257
"Males",2011,2,407
"Males",2011,3,88
"Males",2012,0,415
"Males",2012,1,147
"Males",2012,2,97
"Males",2012,3,4
"Males",2013,0,393
"Males",2013,1,162
"Males",2013,2,54
"Males",2014,0,335
"Males",2014,1,43
"Males",2014,2,6
"Males",2015,0,148
"Males",2015,1,3
"Males",2016,0,6
"Males",2017,0,350
"Males",2017,1,115
"Males",2017,2,63
"Males",2017,3,3
"Males",2018,0,291
"Males",2018,1,114
"Males",2018,2,55
"Males",2019,0,229
"Males",2019,1,66
"Males",2019,2,11
"Males",2020,0,138
"Males",2020,1,65
"Males",2020,2,26
"Males",2021,0,36
"Males",2021,1,119
"Males",2021,2,168
"Males",2021,3,47
"Males",2022,0,68
"Males",2022,1,98
"Males",2022,2,105
"Males",2022,3,11
"Males",2023,0,97
"Males",2023,1,95
"Males",2023,2,88
"Males",2023,3,10
