"year","mismatch_days","n_records","within_axis_limits"
2003,9,1,TRUE
2003,30,1,TRUE
2003,40,1,TRUE
2003,41,2,TRUE
2003,42,1,TRUE
2003,43,1,TRUE
2003,45,1,TRUE
2003,47,2,TRUE
2003,51,1,TRUE
2003,53,1,TRUE
2003,55,1,TRUE
2003,57,1,TRUE
2003,61,2,TRUE
2003,64,1,TRUE
2003,66,1,TRUE
2003,67,1,TRUE
2003,69,1,TRUE
2003,70,1,TRUE
2003,72,2,TRUE
2003,73,1,TRUE
2003,74,1,TRUE
2003,75,1,TRUE
2003,81,1,TRUE
2003,88,1,TRUE
2003,91,3,TRUE
2003,93,2,TRUE
2003,95,1,TRUE
2003,97,1,TRUE
2003,102,1,TRUE
2003,106,1,TRUE
2003,108,1,TRUE
2003,109,4,TRUE
2003,110,2,TRUE
2003,111,4,TRUE
2003,112,6,TRUE
2003,113,4,TRUE
2003,114,2,TRUE
2003,115,6,TRUE
2003,116,2,TRUE
2003,117,4,TRUE
2003,118,7,TRUE
2003,119,12,TRUE
2003,120,6,TRUE
2003,121,10,TRUE
2003,122,8,TRUE
2003,123,3,TRUE
2003,124,12,TRUE
2003,125,9,TRUE
2003,126,7,TRUE
2003,127,24,TRUE
2003,128,11,TRUE
2003,129,11,TRUE
2003,130,22,TRUE
2003,131,7,TRUE
2003,132,12,TRUE
2003,133,9,TRUE
2003,134,6,TRUE
2003,135,4,TRUE
2003,136,6,TRUE
2003,137,2,TRUE
2003,138,6,TRUE
2003,139,5,TRUE
2003,140,2,TRUE
2003,141,1,TRUE
2003,142,2,TRUE
2003,143,2,TRUE
2003,144,3,TRUE
2003,148,1,TRUE
2003,152,1,TRUE
2003,154,1,TRUE
2004,9,1,TRUE
2004,10,1,TRUE
2004,12,1,TRUE
2004,13,1,TRUE
2004,14,1,TRUE
2004,15,2,TRUE
2004,16,2,TRUE
2004,18,5,TRUE
2004,19,3,TRUE
2004,20,1,TRUE
2004,21,1,TRUE
2004,22,7,TRUE
2004,24,3,TRUE
2004,25,2,TRUE
2004,26,6,TRUE
2004,27,3,TRUE
2004,28,6,TRUE
2004,29,5,TRUE
2004,30,12,TRUE
2004,31,15,TRUE
2004,32,17,TRUE
2004,33,5,TRUE
2004,34,15,TRUE
2004,35,22,TRUE
2004,36,16,TRUE
2004,37,16,TRUE
2004,38,16,TRUE
2004,39,28,TRUE
2004,40,22,TRUE
2004,41,10,TRUE
2004,42,17,TRUE
2004,43,20,TRUE
2004,44,8,TRUE
2004,45,14,TRUE
2004,46,5,TRUE
2004,47,15,TRUE
2004,48,25,TRUE
2004,49,24,TRUE
2004,51,12,TRUE
2004,52,11,TRUE
2004,53,10,TRUE
2004,55,6,TRUE
2004,56,12,TRUE
2004,57,11,TRUE
2004,58,1,TRUE
2004,59,3,TRUE
2004,60,6,TRUE
2004,64,6,TRUE
2004,66,1,TRUE
2004,67,1,TRUE
2004,68,3,TRUE
2004,71,2,TRUE
2004,72,3,TRUE
2004,73,3,TRUE
2004,75,4,TRUE
2004,76,13,TRUE
2004,77,4,TRUE
2004,78,2,TRUE
2004,79,3,TRUE
2004,80,6,TRUE
2004,81,3,TRUE
2004,82,4,TRUE
2004,83,2,TRUE
2004,84,3,TRUE
2004,85,2,TRUE
2004,86,1,TRUE
2004,88,2,TRUE
2004,89,3,TRUE
2004,90,1,TRUE
2004,92,2,TRUE
2004,93,7,TRUE
2004,96,2,TRUE
2004,97,4,TRUE
2004,98,1,TRUE
2004,100,1,TRUE
2004,101,5,TRUE
2004,105,2,TRUE
2004,107,1,TRUE
2004,108,1,TRUE
2004,109,1,TRUE
2005,22,1,TRUE
2005,26,1,TRUE
2005,30,2,TRUE
2005,43,1,TRUE
2005,50,1,TRUE
2005,53,1,TRUE
2005,56,1,TRUE
2005,59,1,TRUE
2005,60,1,TRUE
2005,63,1,TRUE
2005,65,2,TRUE
2005,66,2,TRUE
2005,68,4,TRUE
2005,69,1,TRUE
2005,71,3,TRUE
2005,74,2,TRUE
2005,75,2,TRUE
2005,77,1,TRUE
2005,78,3,TRUE
2005,80,1,TRUE
2005,81,1,TRUE
2005,84,4,TRUE
2005,87,2,TRUE
2005,88,5,TRUE
2005,89,4,TRUE
2005,91,5,TRUE
2005,92,4,TRUE
2005,94,12,TRUE
2005,95,7,TRUE
2005,97,11,TRUE
2005,98,15,TRUE
2005,100,30,TRUE
2005,101,3,TRUE
2005,102,1,TRUE
2005,103,15,TRUE
2005,104,6,TRUE
2005,106,20,TRUE
2005,107,4,TRUE
2005,109,22,TRUE
2005,110,14,TRUE
2005,112,7,TRUE
2005,113,8,TRUE
2005,114,1,TRUE
2005,115,52,TRUE
2005,116,12,TRUE
2005,117,1,TRUE
2005,118,24,TRUE
2005,119,7,TRUE
2005,121,13,TRUE
2005,122,3,TRUE
2005,124,10,TRUE
2005,125,7,TRUE
2005,127,6,TRUE
2005,128,5,TRUE
2005,129,8,TRUE
2005,130,6,TRUE
2005,131,2,TRUE
2005,132,10,TRUE
2005,133,5,TRUE
2005,134,2,TRUE
2005,135,4,TRUE
2005,137,5,TRUE
2005,138,4,TRUE
2005,139,1,TRUE
2005,140,2,TRUE
2005,141,6,TRUE
2005,142,2,TRUE
2005,143,2,TRUE
2005,144,4,TRUE
2005,147,4,TRUE
2005,148,1,TRUE
2005,149,1,TRUE
2005,150,3,TRUE
2005,158,1,TRUE
2006,-23,1,TRUE
2006,-20,1,TRUE
2006,-19,2,TRUE
2006,-17,1,TRUE
2006,-16,2,TRUE
2006,-15,3,TRUE
2006,-14,7,TRUE
2006,-13,5,TRUE
2006,-12,5,TRUE
2006,-11,4,TRUE
2006,-10,5,TRUE
2006,-9,3,TRUE
2006,-8,6,TRUE
2006,-7,12,TRUE
2006,-6,6,TRUE
2006,-5,10,TRUE
2006,-4,19,TRUE
2006,-3,9,TRUE
2006,-2,8,TRUE
2006,-1,14,TRUE
2006,0,14,TRUE
2006,1,17,TRUE
2006,2,15,TRUE
2006,3,20,TRUE
2006,4,24,TRUE
2006,5,25,TRUE
2006,6,26,TRUE
2006,7,27,TRUE
2006,8,20,TRUE
2006,9,22,TRUE
2006,10,17,TRUE
2006,11,12,TRUE
2006,12,17,TRUE
2006,13,16,TRUE
2006,14,16,TRUE
2006,15,17,TRUE
2006,16,14,TRUE
2006,17,16,TRUE
2006,18,11,TRUE
2006,19,13,TRUE
2006,20,8,TRUE
2006,21,11,TRUE
2006,22,6,TRUE
2006,23,3,TRUE
2006,24,1,TRUE
2006,25,2,TRUE
2006,26,4,TRUE
2006,27,8,TRUE
2006,28,2,TRUE
2006,29,4,TRUE
2006,30,4,TRUE
2006,31,1,TRUE
2006,33,7,TRUE
2006,34,5,TRUE
2006,35,2,TRUE
2006,37,3,TRUE
2006,38,1,TRUE
2006,41,1,TRUE
2006,42,1,TRUE
2006,44,3,TRUE
2006,45,1,TRUE
2006,46,4,TRUE
2006,47,2,TRUE
2006,48,5,TRUE
2006,49,6,TRUE
2006,50,3,TRUE
2006,51,2,TRUE
2006,52,2,TRUE
2006,53,3,TRUE
2006,54,8,TRUE
2006,55,1,TRUE
2006,56,2,TRUE
2006,57,3,TRUE
2006,58,5,TRUE
2006,59,2,TRUE
2006,60,1,TRUE
2006,61,1,TRUE
2006,65,1,TRUE
2006,66,3,TRUE
2006,67,4,TRUE
2006,68,1,TRUE
2006,70,3,TRUE
2006,71,1,TRUE
2006,72,1,TRUE
2006,74,3,TRUE
2006,75,1,TRUE
2006,76,1,TRUE
2006,78,1,TRUE
2006,79,2,TRUE
2006,83,1,TRUE
2006,85,4,TRUE
2006,88,1,TRUE
2006,89,4,TRUE
2006,91,1,TRUE
2006,96,2,TRUE
2006,97,2,TRUE
2006,102,1,TRUE
2006,103,1,TRUE
2006,107,1,TRUE
2006,108,4,TRUE
2006,109,2,TRUE
2006,114,1,TRUE
2006,115,1,TRUE
2006,117,1,TRUE
2006,120,2,TRUE
2006,126,2,TRUE
2006,138,1,TRUE
2006,143,1,TRUE
2006,145,1,TRUE
2006,149,1,TRUE
2007,-15,1,TRUE
2007,-11,2,TRUE
2007,-6,3,TRUE
2007,-4,1,TRUE
2007,-3,4,TRUE
2007,-2,3,TRUE
2007,-1,4,TRUE
2007,0,3,TRUE
2007,1,5,TRUE
2007,2,1,TRUE
2007,3,5,TRUE
2007,4,2,TRUE
2007,5,4,TRUE
2007,6,3,TRUE
2007,7,2,TRUE
2007,8,3,TRUE
2007,9,2,TRUE
2007,10,3,TRUE
2007,11,1,TRUE
2007,13,1,TRUE
2007,14,2,TRUE
2007,16,2,TRUE
2007,17,3,TRUE
2007,18,7,TRUE
2007,19,3,TRUE
2007,20,7,TRUE
2007,21,2,TRUE
2007,22,4,TRUE
2007,24,2,TRUE
2007,25,5,TRUE
2007,26,13,TRUE
2007,27,1,TRUE
2007,28,6,TRUE
2007,29,9,TRUE
2007,31,6,TRUE
2007,32,5,TRUE
2007,33,2,TRUE
2007,34,5,TRUE
2007,35,7,TRUE
2007,36,6,TRUE
2007,37,3,TRUE
2007,38,13,TRUE
2007,39,3,TRUE
2007,40,4,TRUE
2007,41,7,TRUE
2007,42,2,TRUE
2007,43,1,TRUE
2007,44,7,TRUE
2007,45,3,TRUE
2007,46,1,TRUE
2007,47,4,TRUE
2007,48,3,TRUE
2007,49,4,TRUE
2007,50,7,TRUE
2007,51,5,TRUE
2007,52,2,TRUE
2007,53,2,TRUE
2007,54,2,TRUE
2007,55,1,TRUE
2007,56,2,TRUE
2007,57,1,TRUE
2007,58,1,TRUE
2007,61,2,TRUE
2007,63,1,TRUE
2007,65,3,TRUE
2007,66,2,TRUE
2007,67,3,TRUE
2007,68,1,TRUE
2007,69,2,TRUE
2007,70,5,TRUE
2007,71,2,TRUE
2007,72,2,TRUE
2007,73,7,TRUE
2007,74,2,TRUE
2007,75,2,TRUE
2007,76,3,TRUE
2007,77,2,TRUE
2007,78,2,TRUE
2007,79,1,TRUE
2007,80,1,TRUE
2007,81,2,TRUE
2007,83,2,TRUE
2007,84,3,TRUE
2007,85,2,TRUE
2007,87,3,TRUE
2007,88,2,TRUE
2007,89,1,TRUE
2007,93,2,TRUE
2007,94,1,TRUE
2007,95,3,TRUE
2007,97,1,TRUE
2007,98,1,TRUE
2007,100,1,TRUE
2007,101,1,TRUE
2007,102,3,TRUE
2007,105,1,TRUE
2007,106,1,TRUE
2007,112,3,TRUE
2007,114,2,TRUE
2007,115,1,TRUE
2007,118,1,TRUE
2007,119,2,TRUE
2007,120,1,TRUE
2007,124,2,TRUE
2007,125,1,TRUE
2007,126,1,TRUE
2007,130,4,TRUE
2007,132,1,TRUE
2007,137,2,TRUE
2007,143,2,TRUE
2007,153,1,TRUE
2007,156,2,TRUE
2007,157,1,TRUE
2007,160,1,TRUE
2008,-18,1,TRUE
2008,-17,1,TRUE
2008,-16,1,TRUE
2008,-15,3,TRUE
2008,-14,4,TRUE
2008,-13,6,TRUE
2008,-12,3,TRUE
2008,-11,6,TRUE
2008,-10,9,TRUE
2008,-9,4,TRUE
2008,-8,16,TRUE
2008,-7,7,TRUE
2008,-6,12,TRUE
2008,-5,15,TRUE
2008,-4,24,TRUE
2008,-3,20,TRUE
2008,-2,16,TRUE
2008,-1,23,TRUE
2008,0,20,TRUE
2008,1,26,TRUE
2008,2,18,TRUE
2008,3,21,TRUE
2008,4,22,TRUE
2008,5,28,TRUE
2008,6,22,TRUE
2008,7,15,TRUE
2008,8,31,TRUE
2008,9,33,TRUE
2008,10,25,TRUE
2008,11,25,TRUE
2008,12,9,TRUE
2008,13,6,TRUE
2008,14,1,TRUE
2008,15,12,TRUE
2008,16,8,TRUE
2008,17,3,TRUE
2008,18,9,TRUE
2008,19,5,TRUE
2008,20,2,TRUE
2008,21,2,TRUE
2008,22,2,TRUE
2008,23,1,TRUE
2008,24,2,TRUE
2008,25,2,TRUE
2008,26,1,TRUE
2008,27,1,TRUE
2008,28,1,TRUE
2008,29,2,TRUE
2008,30,5,TRUE
2008,31,2,TRUE
2008,32,1,TRUE
2008,33,1,TRUE
2008,35,1,TRUE
2008,37,2,TRUE
2008,39,1,TRUE
2008,42,4,TRUE
2008,43,2,TRUE
2008,45,1,TRUE
2008,46,1,TRUE
2008,47,1,TRUE
2008,49,1,TRUE
2008,50,1,TRUE
2008,51,6,TRUE
2008,53,3,TRUE
2008,54,2,TRUE
2008,56,5,TRUE
2008,57,4,TRUE
2008,58,2,TRUE
2008,59,2,TRUE
2008,60,2,TRUE
2008,61,3,TRUE
2008,62,2,TRUE
2008,63,2,TRUE
2008,64,2,TRUE
2008,66,1,TRUE
2008,68,4,TRUE
2008,70,3,TRUE
2008,71,2,TRUE
2008,77,2,TRUE
2008,78,6,TRUE
2008,79,1,TRUE
2008,89,1,TRUE
2008,90,1,TRUE
2008,95,3,TRUE
2008,101,1,TRUE
2008,102,1,TRUE
2008,103,1,TRUE
2008,117,1,TRUE
2008,121,1,TRUE
2008,128,1,TRUE
2008,131,1,TRUE
2008,134,1,TRUE
2008,137,1,TRUE
2008,140,1,TRUE
2008,164,1,TRUE
2008,176,1,TRUE
2009,-23,1,TRUE
2009,-22,3,TRUE
2009,-21,1,TRUE
2009,-20,1,TRUE
2009,-16,2,TRUE
2009,-15,2,TRUE
2009,-14,3,TRUE
2009,-13,4,TRUE
2009,-12,5,TRUE
2009,-11,5,TRUE
2009,-10,8,TRUE
2009,-9,8,TRUE
2009,-8,5,TRUE
2009,-7,6,TRUE
2009,-6,2,TRUE
2009,-5,7,TRUE
2009,-4,8,TRUE
2009,-3,6,TRUE
2009,-2,4,TRUE
2009,-1,9,TRUE
2009,0,8,TRUE
2009,1,7,TRUE
2009,2,7,TRUE
2009,3,9,TRUE
2009,4,12,TRUE
2009,5,8,TRUE
2009,6,7,TRUE
2009,7,13,TRUE
2009,8,7,TRUE
2009,9,13,TRUE
2009,10,16,TRUE
2009,11,6,TRUE
2009,12,13,TRUE
2009,13,18,TRUE
2009,14,19,TRUE
2009,15,19,TRUE
2009,16,7,TRUE
2009,17,4,TRUE
2009,18,2,TRUE
2009,19,12,TRUE
2009,20,8,TRUE
2009,21,4,TRUE
2009,22,10,TRUE
2009,23,4,TRUE
2009,24,4,TRUE
2009,25,5,TRUE
2009,26,6,TRUE
2009,27,9,TRUE
2009,28,10,TRUE
2009,29,7,TRUE
2009,30,1,TRUE
2009,31,9,TRUE
2009,32,4,TRUE
2009,33,8,TRUE
2009,35,6,TRUE
2009,36,6,TRUE
2009,38,6,TRUE
2009,39,11,TRUE
2009,41,4,TRUE
2009,42,7,TRUE
2009,44,3,TRUE
2009,45,2,TRUE
2009,47,2,TRUE
2009,48,3,TRUE
2009,49,1,TRUE
2009,50,2,TRUE
2009,51,4,TRUE
2009,52,1,TRUE
2009,53,3,TRUE
2009,54,1,TRUE
2009,55,1,TRUE
2009,56,5,TRUE
2009,57,3,TRUE
2009,58,3,TRUE
2009,59,1,TRUE
2009,60,6,TRUE
2009,61,2,TRUE
2009,62,5,TRUE
2009,63,8,TRUE
2009,66,3,TRUE
2009,67,2,TRUE
2009,68,3,TRUE
2009,69,7,TRUE
2009,70,3,TRUE
2009,71,2,TRUE
2009,72,3,TRUE
2009,73,1,TRUE
2009,74,7,TRUE
2009,75,1,TRUE
2009,77,7,TRUE
2009,78,2,TRUE
2009,79,2,TRUE
2009,80,4,TRUE
2009,83,1,TRUE
2009,86,1,TRUE
2009,90,3,TRUE
2009,91,14,TRUE
2009,93,1,TRUE
2009,96,1,TRUE
2009,97,2,TRUE
2009,102,1,TRUE
2009,103,1,TRUE
2009,109,1,TRUE
2009,110,2,TRUE
2009,114,4,TRUE
2009,116,1,TRUE
2009,117,2,TRUE
2009,118,5,TRUE
2009,119,1,TRUE
2009,122,2,TRUE
2009,123,2,TRUE
2009,127,1,TRUE
2009,128,3,TRUE
2009,129,2,TRUE
2009,134,1,TRUE
2009,135,2,TRUE
2009,139,1,TRUE
2009,140,2,TRUE
2009,145,2,TRUE
2009,147,1,TRUE
2010,-33,1,TRUE
2010,-18,1,TRUE
2010,-12,1,TRUE
2010,-11,2,TRUE
2010,-10,2,TRUE
2010,-9,1,TRUE
2010,-8,3,TRUE
2010,-6,1,TRUE
2010,-5,3,TRUE
2010,-4,3,TRUE
2010,-3,4,TRUE
2010,-2,1,TRUE
2010,-1,1,TRUE
2010,2,3,TRUE
2010,3,3,TRUE
2010,5,4,TRUE
2010,6,4,TRUE
2010,8,1,TRUE
2010,15,1,TRUE
2010,17,1,TRUE
2010,18,1,TRUE
2010,20,1,TRUE
2010,21,1,TRUE
2010,23,1,TRUE
2010,24,2,TRUE
2010,26,1,TRUE
2010,27,4,TRUE
2010,28,1,TRUE
2010,29,1,TRUE
2010,30,1,TRUE
2010,33,2,TRUE
2010,36,1,TRUE
2010,42,1,TRUE
2010,43,4,TRUE
2010,46,4,TRUE
2010,47,2,TRUE
2010,49,5,TRUE
2010,50,1,TRUE
2010,52,8,TRUE
2010,53,2,TRUE
2010,55,3,TRUE
2010,56,2,TRUE
2010,58,9,TRUE
2010,59,5,TRUE
2010,61,8,TRUE
2010,62,1,TRUE
2010,64,7,TRUE
2010,65,3,TRUE
2010,67,13,TRUE
2010,68,5,TRUE
2010,69,1,TRUE
2010,70,9,TRUE
2010,71,3,TRUE
2010,73,8,TRUE
2010,74,1,TRUE
2010,76,16,TRUE
2010,77,7,TRUE
2010,79,6,TRUE
2010,80,3,TRUE
2010,82,12,TRUE
2010,83,1,TRUE
2010,85,1,TRUE
2010,86,5,TRUE
2010,87,5,TRUE
2010,88,1,TRUE
2010,89,11,TRUE
2010,90,5,TRUE
2010,92,8,TRUE
2010,93,2,TRUE
2010,95,2,TRUE
2010,96,2,TRUE
2010,97,3,TRUE
2010,98,3,TRUE
2010,101,5,TRUE
2010,102,2,TRUE
2010,104,3,TRUE
2010,105,4,TRUE
2010,107,2,TRUE
2010,110,1,TRUE
2010,113,1,TRUE
2010,115,1,TRUE
2010,119,1,TRUE
2010,120,1,TRUE
2010,122,1,TRUE
2010,125,1,TRUE
2010,126,1,TRUE
2010,131,3,TRUE
2010,137,1,TRUE
2010,138,1,TRUE
2010,141,1,TRUE
2010,143,1,TRUE
2010,144,1,TRUE
2010,161,1,TRUE
2011,-56,1,TRUE
2011,-52,1,TRUE
2011,-50,2,TRUE
2011,-49,3,TRUE
2011,-48,2,TRUE
2011,-47,4,TRUE
2011,-46,1,TRUE
2011,-45,5,TRUE
2011,-44,7,TRUE
2011,-43,2,TRUE
2011,-42,6,TRUE
2011,-41,8,TRUE
2011,-40,7,TRUE
2011,-39,12,TRUE
2011,-38,10,TRUE
2011,-37,12,TRUE
2011,-36,18,TRUE
2011,-35,15,TRUE
2011,-34,16,TRUE
2011,-33,29,TRUE
2011,-32,22,TRUE
2011,-31,21,TRUE
2011,-30,26,TRUE
2011,-29,28,TRUE
2011,-28,22,TRUE
2011,-27,27,TRUE
2011,-26,18,TRUE
2011,-25,24,TRUE
2011,-24,16,TRUE
2011,-23,23,TRUE
2011,-22,21,TRUE
2011,-21,18,TRUE
2011,-20,23,TRUE
2011,-19,21,TRUE
2011,-18,17,TRUE
2011,-17,19,TRUE
2011,-16,18,TRUE
2011,-15,20,TRUE
2011,-14,19,TRUE
2011,-13,24,TRUE
2011,-12,21,TRUE
2011,-11,15,TRUE
2011,-10,9,TRUE
2011,-9,13,TRUE
2011,-8,15,TRUE
2011,-7,12,TRUE
2011,-6,2,TRUE
2011,-5,12,TRUE
2011,-4,16,TRUE
2011,-3,3,TRUE
2011,-2,1,TRUE
2011,-1,7,TRUE
2011,0,9,TRUE
2011,1,4,TRUE
2011,2,3,TRUE
2011,3,7,TRUE
2011,4,5,TRUE
2011,5,3,TRUE
2011,6,1,TRUE
2011,7,4,TRUE
2011,8,2,TRUE
2011,9,2,TRUE
2011,10,6,TRUE
2011,11,1,TRUE
2011,12,2,TRUE
2011,13,3,TRUE
2011,14,5,TRUE
2011,15,3,TRUE
2011,16,4,TRUE
2011,17,5,TRUE
2011,18,5,TRUE
2011,19,4,TRUE
2011,20,2,TRUE
2011,21,4,TRUE
2011,22,4,TRUE
2011,23,4,TRUE
2011,24,2,TRUE
2011,25,3,TRUE
2011,26,2,TRUE
2011,27,4,TRUE
2011,28,3,TRUE
2011,29,2,TRUE
2011,31,4,TRUE
2011,32,5,TRUE
2011,33,2,TRUE
2011,34,3,TRUE
2011,35,4,TRUE
2011,36,3,TRUE
2011,37,4,TRUE
2011,38,2,TRUE
2011,39,5,TRUE
2011,40,6,TRUE
2011,42,2,TRUE
2011,43,2,TRUE
2011,54,2,TRUE
2011,56,1,TRUE
2011,57,6,TRUE
2011,58,2,TRUE
2011,62,1,TRUE
2011,63,11,TRUE
2011,64,2,TRUE
2011,66,3,TRUE
2011,69,4,TRUE
2011,70,1,TRUE
2011,71,1,TRUE
2011,78,2,TRUE
2011,81,2,TRUE
2011,82,2,TRUE
2011,89,1,TRUE
2011,91,3,TRUE
2011,93,1,TRUE
2011,123,1,TRUE
2011,144,1,TRUE
2011,148,1,TRUE
2012,-39,1,TRUE
2012,-34,3,TRUE
2012,-33,1,TRUE
2012,-31,2,TRUE
2012,-30,2,TRUE
2012,-28,4,TRUE
2012,-27,2,TRUE
2012,-26,4,TRUE
2012,-25,5,TRUE
2012,-24,2,TRUE
2012,-23,3,TRUE
2012,-22,4,TRUE
2012,-21,4,TRUE
2012,-20,3,TRUE
2012,-19,2,TRUE
2012,-18,4,TRUE
2012,-17,6,TRUE
2012,-16,3,TRUE
2012,-15,4,TRUE
2012,-14,3,TRUE
2012,-13,3,TRUE
2012,-12,3,TRUE
2012,-11,4,TRUE
2012,-10,4,TRUE
2012,-9,10,TRUE
2012,-8,3,TRUE
2012,-7,13,TRUE
2012,-6,12,TRUE
2012,-5,7,TRUE
2012,-4,9,TRUE
2012,-3,8,TRUE
2012,-2,8,TRUE
2012,-1,14,TRUE
2012,0,8,TRUE
2012,1,2,TRUE
2012,2,4,TRUE
2012,3,2,TRUE
2012,4,4,TRUE
2012,5,3,TRUE
2012,6,5,TRUE
2012,7,3,TRUE
2012,9,2,TRUE
2012,10,3,TRUE
2012,11,2,TRUE
2012,12,1,TRUE
2012,13,1,TRUE
2012,14,1,TRUE
2012,15,1,TRUE
2012,16,2,TRUE
2012,19,1,TRUE
2012,20,2,TRUE
2012,22,1,TRUE
2012,24,2,TRUE
2012,25,2,TRUE
2012,31,1,TRUE
2012,32,1,TRUE
2012,43,1,TRUE
2012,47,2,TRUE
2012,50,2,TRUE
2012,51,1,TRUE
2012,54,1,TRUE
2012,55,1,TRUE
2012,61,4,TRUE
2012,62,1,TRUE
2012,63,1,TRUE
2012,66,2,TRUE
2012,67,4,TRUE
2012,68,4,TRUE
2012,69,4,TRUE
2012,71,7,TRUE
2012,72,5,TRUE
2012,73,5,TRUE
2012,74,2,TRUE
2012,75,2,TRUE
2012,76,7,TRUE
2012,77,7,TRUE
2012,78,1,TRUE
2012,79,4,TRUE
2012,80,4,TRUE
2012,81,2,TRUE
2012,82,13,TRUE
2012,83,3,TRUE
2012,84,1,TRUE
2012,85,6,TRUE
2012,86,9,TRUE
2012,87,2,TRUE
2012,88,6,TRUE
2012,89,13,TRUE
2012,90,3,TRUE
2012,91,18,TRUE
2012,92,9,TRUE
2012,96,7,TRUE
2012,97,18,TRUE
2012,98,1,TRUE
2012,102,8,TRUE
2012,103,12,TRUE
2012,104,2,TRUE
2012,108,5,TRUE
2012,109,4,TRUE
2012,113,1,TRUE
2012,114,8,TRUE
2012,115,8,TRUE
2012,119,1,TRUE
2012,120,5,TRUE
2012,121,9,TRUE
2012,122,1,TRUE
2012,123,2,TRUE
2012,125,1,TRUE
2012,126,2,TRUE
2012,127,5,TRUE
2012,128,1,TRUE
2012,132,3,TRUE
2012,133,9,TRUE
2012,134,1,TRUE
2012,137,4,TRUE
2012,138,16,TRUE
2012,139,9,TRUE
2012,143,15,TRUE
2012,144,5,TRUE
2012,145,11,TRUE
2012,149,9,TRUE
2012,150,3,TRUE
2012,151,8,TRUE
2012,155,4,TRUE
2012,156,2,TRUE
2012,157,6,TRUE
2012,161,10,TRUE
2012,162,2,TRUE
2012,163,4,TRUE
2012,167,13,TRUE
2012,169,3,TRUE
2012,173,2,TRUE
2012,175,3,TRUE
2012,179,8,TRUE
2012,180,1,TRUE
2012,181,6,TRUE
2012,185,14,TRUE
2012,186,1,TRUE
2012,187,4,TRUE
2012,191,5,TRUE
2012,194,1,TRUE
2012,197,6,TRUE
2012,203,2,TRUE
2012,205,1,TRUE
2013,-1,1,TRUE
2013,2,1,TRUE
2013,3,1,TRUE
2013,5,1,TRUE
2013,7,1,TRUE
2013,8,1,TRUE
2013,9,1,TRUE
2013,12,1,TRUE
2013,13,1,TRUE
2013,14,3,TRUE
2013,15,1,TRUE
2013,16,5,TRUE
2013,17,4,TRUE
2013,18,15,TRUE
2013,19,9,TRUE
2013,20,7,TRUE
2013,21,3,TRUE
2013,23,13,TRUE
2013,24,10,TRUE
2013,26,11,TRUE
2013,27,7,TRUE
2013,29,18,TRUE
2013,30,11,TRUE
2013,31,2,TRUE
2013,32,22,TRUE
2013,33,19,TRUE
2013,35,17,TRUE
2013,36,18,TRUE
2013,38,17,TRUE
2013,39,14,TRUE
2013,41,24,TRUE
2013,42,15,TRUE
2013,44,10,TRUE
2013,45,13,TRUE
2013,47,7,TRUE
2013,48,7,TRUE
2013,49,4,TRUE
2013,50,4,TRUE
2013,51,6,TRUE
2013,52,1,TRUE
2013,53,3,TRUE
2013,54,5,TRUE
2013,55,2,TRUE
2013,56,1,TRUE
2013,57,1,TRUE
2013,59,2,TRUE
2013,60,1,TRUE
2013,62,2,TRUE
2013,64,2,TRUE
2013,65,11,TRUE
2013,66,2,TRUE
2013,67,7,TRUE
2013,68,16,TRUE
2013,70,2,TRUE
2013,71,10,TRUE
2013,73,4,TRUE
2013,74,13,TRUE
2013,75,2,TRUE
2013,76,2,TRUE
2013,77,14,TRUE
2013,79,6,TRUE
2013,80,26,TRUE
2013,81,1,TRUE
2013,82,9,TRUE
2013,83,17,TRUE
2013,85,6,TRUE
2013,86,14,TRUE
2013,88,3,TRUE
2013,89,9,TRUE
2013,91,10,TRUE
2013,92,7,TRUE
2013,93,3,TRUE
2013,94,7,TRUE
2013,95,4,TRUE
2013,96,3,TRUE
2013,97,2,TRUE
2013,98,8,TRUE
2013,99,1,TRUE
2013,100,4,TRUE
2013,101,4,TRUE
2013,104,1,TRUE
2013,106,2,TRUE
2013,107,4,TRUE
2013,111,2,TRUE
2013,112,8,TRUE
2013,113,1,TRUE
2013,117,1,TRUE
2013,118,4,TRUE
2013,119,2,TRUE
2013,124,2,TRUE
2013,125,1,TRUE
2013,128,1,TRUE
2013,130,3,TRUE
2013,142,1,TRUE
2013,148,3,TRUE
2013,153,1,TRUE
2014,0,1,TRUE
2014,3,1,TRUE
2014,5,1,TRUE
2014,13,1,TRUE
2014,15,3,TRUE
2014,19,1,TRUE
2014,20,6,TRUE
2014,23,2,TRUE
2014,26,4,TRUE
2014,29,3,TRUE
2014,31,13,TRUE
2014,32,3,TRUE
2014,34,15,TRUE
2014,35,1,TRUE
2014,36,2,TRUE
2014,37,9,TRUE
2014,38,5,TRUE
2014,40,6,TRUE
2014,41,2,TRUE
2014,43,4,TRUE
2014,44,1,TRUE
2014,46,1,TRUE
2014,47,3,TRUE
2014,49,1,TRUE
2014,52,2,TRUE
2014,55,1,TRUE
2014,56,1,TRUE
2014,61,4,TRUE
2014,62,4,TRUE
2014,63,4,TRUE
2014,64,3,TRUE
2014,65,1,TRUE
2014,66,10,TRUE
2014,67,11,TRUE
2014,69,5,TRUE
2014,70,9,TRUE
2014,71,1,TRUE
2014,72,4,TRUE
2014,73,5,TRUE
2014,74,1,TRUE
2014,75,3,TRUE
2014,76,8,TRUE
2014,78,4,TRUE
2014,79,3,TRUE
2014,82,4,TRUE
2014,84,1,TRUE
2014,87,2,TRUE
2014,88,5,TRUE
2014,91,1,TRUE
2014,93,5,TRUE
2014,94,8,TRUE
2014,96,2,TRUE
2014,97,9,TRUE
2014,98,1,TRUE
2014,99,3,TRUE
2014,100,11,TRUE
2014,102,2,TRUE
2014,103,9,TRUE
2014,105,2,TRUE
2014,106,5,TRUE
2014,108,2,TRUE
2014,109,11,TRUE
2014,110,1,TRUE
2014,111,1,TRUE
2014,112,9,TRUE
2014,114,4,TRUE
2014,115,9,TRUE
2014,117,2,TRUE
2014,118,5,TRUE
2014,120,4,TRUE
2014,121,9,TRUE
2014,123,2,TRUE
2014,124,7,TRUE
2014,127,2,TRUE
2014,129,6,TRUE
2014,130,13,TRUE
2014,131,1,TRUE
2014,132,2,TRUE
2014,133,5,TRUE
2014,135,2,TRUE
2014,136,7,TRUE
2014,138,4,TRUE
2014,139,7,TRUE
2014,141,2,TRUE
2014,142,4,TRUE
2014,144,1,TRUE
2014,145,4,TRUE
2014,147,1,TRUE
2014,148,3,TRUE
2014,150,1,TRUE
2014,151,2,TRUE
2014,153,1,TRUE
2014,154,3,TRUE
2014,158,1,TRUE
2014,159,2,TRUE
2014,163,1,TRUE
2015,17,1,TRUE
2015,32,1,TRUE
2015,33,1,TRUE
2015,37,3,TRUE
2015,38,1,TRUE
2015,42,1,TRUE
2015,43,2,TRUE
2015,48,1,TRUE
2015,55,1,TRUE
2015,58,1,TRUE
2015,60,1,TRUE
2015,64,1,TRUE
2015,73,1,TRUE
2015,78,4,TRUE
2015,79,9,TRUE
2015,80,3,TRUE
2015,81,10,TRUE
2015,83,1,TRUE
2015,84,5,TRUE
2015,86,4,TRUE
2015,87,7,TRUE
2015,89,1,TRUE
2015,90,2,TRUE
2015,92,2,TRUE
2015,93,5,TRUE
2015,95,1,TRUE
2015,96,1,TRUE
2015,98,4,TRUE
2015,99,3,TRUE
2015,101,1,TRUE
2015,102,6,TRUE
2015,104,1,TRUE
2015,105,2,TRUE
2015,107,2,TRUE
2015,108,3,TRUE
2015,110,5,TRUE
2015,111,6,TRUE
2015,113,4,TRUE
2015,114,7,TRUE
2015,116,3,TRUE
2015,117,3,TRUE
2015,119,3,TRUE
2015,122,3,TRUE
2015,123,3,TRUE
2015,125,2,TRUE
2015,126,2,TRUE
2015,128,1,TRUE
2015,132,1,TRUE
2015,135,2,TRUE
2015,140,1,TRUE
2015,141,3,TRUE
2015,149,3,TRUE
2015,150,1,TRUE
2015,152,2,TRUE
2015,155,1,TRUE
2015,159,2,TRUE
2016,97,2,TRUE
2016,100,4,TRUE
2017,-29,1,TRUE
2017,-7,1,TRUE
2017,-1,2,TRUE
2017,2,5,TRUE
2017,5,4,TRUE
2017,6,2,TRUE
2017,8,15,TRUE
2017,9,5,TRUE
2017,11,10,TRUE
2017,12,6,TRUE
2017,13,18,TRUE
2017,14,5,TRUE
2017,15,5,TRUE
2017,16,15,TRUE
2017,17,13,TRUE
2017,18,1,TRUE
2017,19,13,TRUE
2017,20,8,TRUE
2017,22,16,TRUE
2017,23,9,TRUE
2017,24,2,TRUE
2017,25,16,TRUE
2017,26,11,TRUE
2017,27,1,TRUE
2017,28,7,TRUE
2017,29,8,TRUE
2017,30,1,TRUE
2017,31,7,TRUE
2017,32,12,TRUE
2017,33,3,TRUE
2017,34,8,TRUE
2017,35,12,TRUE
2017,37,14,TRUE
2017,38,13,TRUE
2017,39,1,TRUE
2017,40,10,TRUE
2017,41,3,TRUE
2017,43,8,TRUE
2017,44,2,TRUE
2017,46,3,TRUE
2017,47,3,TRUE
2017,48,1,TRUE
2017,49,7,TRUE
2017,50,6,TRUE
2017,51,2,TRUE
2017,52,8,TRUE
2017,53,3,TRUE
2017,55,11,TRUE
2017,56,3,TRUE
2017,58,5,TRUE
2017,61,6,TRUE
2017,62,3,TRUE
2017,64,3,TRUE
2017,65,3,TRUE
2017,67,1,TRUE
2017,68,2,TRUE
2017,70,6,TRUE
2017,73,8,TRUE
2017,74,1,TRUE
2017,76,4,TRUE
2017,77,5,TRUE
2017,79,8,TRUE
2017,80,2,TRUE
2017,82,3,TRUE
2017,83,4,TRUE
2017,84,1,TRUE
2017,85,1,TRUE
2017,86,4,TRUE
2017,88,12,TRUE
2017,89,3,TRUE
2017,90,1,TRUE
2017,91,8,TRUE
2017,92,2,TRUE
2017,94,7,TRUE
2017,95,2,TRUE
2017,97,6,TRUE
2017,98,6,TRUE
2017,100,6,TRUE
2017,101,1,TRUE
2017,102,1,TRUE
2017,103,8,TRUE
2017,104,3,TRUE
2017,105,1,TRUE
2017,106,8,TRUE
2017,107,7,TRUE
2017,109,2,TRUE
2017,110,2,TRUE
2017,112,4,TRUE
2017,115,3,TRUE
2017,116,2,TRUE
2017,118,3,TRUE
2017,119,2,TRUE
2017,121,2,TRUE
2017,122,1,TRUE
2017,124,2,TRUE
2017,125,2,TRUE
2017,127,3,TRUE
2017,128,2,TRUE
2017,136,1,TRUE
2017,137,1,TRUE
2017,139,1,TRUE
2017,145,2,TRUE
2017,148,1,TRUE
2017,151,2,TRUE
2017,174,1,TRUE
2018,-69,1,TRUE
2018,-66,2,TRUE
2018,-65,1,TRUE
2018,-61,1,TRUE
2018,-59,2,TRUE
2018,-53,1,TRUE
2018,-50,4,TRUE
2018,-47,3,TRUE
2018,-43,1,TRUE
2018,-41,3,TRUE
2018,-38,5,TRUE
2018,-37,1,TRUE
2018,-35,4,TRUE
2018,-34,3,TRUE
2018,-32,7,TRUE
2018,-31,9,TRUE
2018,-28,14,TRUE
2018,-26,2,TRUE
2018,-25,8,TRUE
2018,-24,10,TRUE
2018,-23,14,TRUE
2018,-22,2,TRUE
2018,-21,11,TRUE
2018,-20,13,TRUE
2018,-19,1,TRUE
2018,-18,8,TRUE
2018,-17,8,TRUE
2018,-15,7,TRUE
2018,-14,5,TRUE
2018,-13,3,TRUE
2018,-12,6,TRUE
2018,-11,6,TRUE
2018,-9,2,TRUE
2018,-8,10,TRUE
2018,-6,4,TRUE
2018,-5,4,TRUE
2018,-3,11,TRUE
2018,-2,3,TRUE
2018,0,6,TRUE
2018,1,5,TRUE
2018,3,5,TRUE
2018,4,3,TRUE
2018,6,12,TRUE
2018,7,5,TRUE
2018,8,2,TRUE
2018,9,9,TRUE
2018,10,5,TRUE
2018,11,1,TRUE
2018,12,17,TRUE
2018,13,2,TRUE
2018,14,1,TRUE
2018,15,10,TRUE
2018,16,1,TRUE
2018,18,4,TRUE
2018,19,10,TRUE
2018,21,6,TRUE
2018,22,3,TRUE
2018,24,11,TRUE
2018,25,2,TRUE
2018,26,2,TRUE
2018,27,12,TRUE
2018,28,9,TRUE
2018,30,16,TRUE
2018,31,3,TRUE
2018,32,1,TRUE
2018,33,11,TRUE
2018,34,2,TRUE
2018,36,5,TRUE
2018,37,2,TRUE
2018,39,5,TRUE
2018,40,3,TRUE
2018,41,1,TRUE
2018,42,6,TRUE
2018,43,2,TRUE
2018,44,1,TRUE
2018,45,2,TRUE
2018,46,3,TRUE
2018,48,4,TRUE
2018,49,1,TRUE
2018,51,5,TRUE
2018,52,1,TRUE
2018,54,4,TRUE
2018,55,1,TRUE
2018,57,3,TRUE
2018,58,2,TRUE
2018,60,5,TRUE
2018,61,3,TRUE
2018,63,1,TRUE
2018,66,1,TRUE
2018,67,1,TRUE
2018,69,2,TRUE
2018,70,1,TRUE
2018,71,2,TRUE
2018,72,2,TRUE
2018,76,1,TRUE
2018,78,4,TRUE
2018,79,1,TRUE
2018,81,1,TRUE
2018,87,1,TRUE
2018,90,1,TRUE
2018,92,1,TRUE
2018,94,1,TRUE
2018,96,3,TRUE
2018,103,1,TRUE
2019,9,1,TRUE
2019,17,1,TRUE
2019,23,1,TRUE
2019,40,2,TRUE
2019,47,3,TRUE
2019,49,1,TRUE
2019,50,1,TRUE
2019,53,2,TRUE
2019,55,1,TRUE
2019,56,1,TRUE
2019,59,1,TRUE
2019,62,1,TRUE
2019,66,2,TRUE
2019,67,4,TRUE
2019,69,5,TRUE
2019,70,4,TRUE
2019,72,2,TRUE
2019,73,1,TRUE
2019,75,6,TRUE
2019,77,1,TRUE
2019,78,6,TRUE
2019,79,3,TRUE
2019,80,1,TRUE
2019,81,13,TRUE
2019,82,2,TRUE
2019,84,30,TRUE
2019,85,12,TRUE
2019,87,19,TRUE
2019,88,14,TRUE
2019,89,1,TRUE
2019,90,12,TRUE
2019,91,7,TRUE
2019,93,9,TRUE
2019,94,3,TRUE
2019,96,3,TRUE
2019,97,3,TRUE
2019,98,2,TRUE
2019,99,4,TRUE
2019,100,2,TRUE
2019,101,1,TRUE
2019,102,8,TRUE
2019,103,7,TRUE
2019,104,1,TRUE
2019,105,7,TRUE
2019,106,3,TRUE
2019,107,3,TRUE
2019,108,5,TRUE
2019,109,6,TRUE
2019,111,10,TRUE
2019,112,2,TRUE
2019,114,4,TRUE
2019,115,2,TRUE
2019,117,5,TRUE
2019,118,1,TRUE
2019,120,4,TRUE
2019,121,1,TRUE
2019,123,6,TRUE
2019,124,4,TRUE
2019,126,2,TRUE
2019,127,1,TRUE
2019,129,4,TRUE
2019,131,1,TRUE
2019,132,1,TRUE
2019,133,1,TRUE
2019,135,2,TRUE
2019,138,2,TRUE
2019,139,1,TRUE
2019,141,5,TRUE
2019,145,1,TRUE
2019,147,3,TRUE
2019,150,2,TRUE
2019,151,3,TRUE
2019,152,1,TRUE
2019,153,1,TRUE
2019,154,1,TRUE
2019,156,2,TRUE
2019,163,2,TRUE
2019,178,2,TRUE
2019,196,1,TRUE
2020,7,1,TRUE
2020,29,1,TRUE
2020,35,1,TRUE
2020,38,2,TRUE
2020,41,1,TRUE
2020,42,3,TRUE
2020,44,1,TRUE
2020,45,1,TRUE
2020,48,3,TRUE
2020,51,1,TRUE
2020,53,1,TRUE
2020,56,1,TRUE
2020,57,1,TRUE
2020,59,1,TRUE
2020,60,3,TRUE
2020,62,3,TRUE
2020,63,2,TRUE
2020,65,3,TRUE
2020,66,4,TRUE
2020,68,1,TRUE
2020,69,3,TRUE
2020,70,7,TRUE
2020,71,3,TRUE
2020,73,6,TRUE
2020,74,9,TRUE
2020,76,3,TRUE
2020,77,5,TRUE
2020,79,9,TRUE
2020,80,2,TRUE
2020,82,8,TRUE
2020,83,1,TRUE
2020,84,2,TRUE
2020,85,4,TRUE
2020,86,11,TRUE
2020,87,1,TRUE
2020,88,4,TRUE
2020,89,4,TRUE
2020,90,1,TRUE
2020,91,11,TRUE
2020,92,2,TRUE
2020,94,4,TRUE
2020,95,4,TRUE
2020,96,1,TRUE
2020,97,4,TRUE
2020,98,5,TRUE
2020,100,3,TRUE
2020,101,1,TRUE
2020,103,4,TRUE
2020,104,3,TRUE
2020,106,6,TRUE
2020,107,2,TRUE
2020,109,4,TRUE
2020,110,1,TRUE
2020,113,5,TRUE
2020,114,2,TRUE
2020,116,3,TRUE
2020,117,1,TRUE
2020,119,4,TRUE
2020,120,2,TRUE
2020,121,1,TRUE
2020,122,5,TRUE
2020,123,3,TRUE
2020,125,4,TRUE
2020,126,1,TRUE
2020,128,3,TRUE
2020,131,2,TRUE
2020,134,2,TRUE
2020,137,3,TRUE
2020,138,2,TRUE
2020,140,1,TRUE
2020,143,2,TRUE
2020,149,1,TRUE
2020,150,2,TRUE
2020,152,1,TRUE
2020,153,1,TRUE
2020,156,1,TRUE
2020,158,1,TRUE
2020,161,1,TRUE
2020,171,1,TRUE
2020,188,1,TRUE
2021,-23,1,TRUE
2021,-22,2,TRUE
2021,-20,1,TRUE
2021,-18,3,TRUE
2021,-17,4,TRUE
2021,-16,4,TRUE
2021,-15,4,TRUE
2021,-13,6,TRUE
2021,-12,9,TRUE
2021,-11,5,TRUE
2021,-10,5,TRUE
2021,-9,7,TRUE
2021,-8,4,TRUE
2021,-7,7,TRUE
2021,-6,7,TRUE
2021,-5,10,TRUE
2021,-4,5,TRUE
2021,-3,12,TRUE
2021,-2,6,TRUE
2021,-1,13,TRUE
2021,0,6,TRUE
2021,1,11,TRUE
2021,2,10,TRUE
2021,3,9,TRUE
2021,4,10,TRUE
2021,5,8,TRUE
2021,6,12,TRUE
2021,7,10,TRUE
2021,8,13,TRUE
2021,9,12,TRUE
2021,10,10,TRUE
2021,11,5,TRUE
2021,12,5,TRUE
2021,13,12,TRUE
2021,14,7,TRUE
2021,15,11,TRUE
2021,16,6,TRUE
2021,17,8,TRUE
2021,18,4,TRUE
2021,19,7,TRUE
2021,20,4,TRUE
2021,21,1,TRUE
2021,22,3,TRUE
2021,23,3,TRUE
2021,24,2,TRUE
2021,25,3,TRUE
2021,26,3,TRUE
2021,27,1,TRUE
2021,28,5,TRUE
2021,29,1,TRUE
2021,30,1,TRUE
2021,31,3,TRUE
2021,32,1,TRUE
2021,34,2,TRUE
2021,35,3,TRUE
2021,38,1,TRUE
2021,42,2,TRUE
2021,43,1,TRUE
2021,46,1,TRUE
2021,47,3,TRUE
2021,48,1,TRUE
2021,51,1,TRUE
2021,52,1,TRUE
2021,53,1,TRUE
2021,57,1,TRUE
2021,58,1,TRUE
2021,66,1,TRUE
2021,71,2,TRUE
2021,77,3,TRUE
2021,78,1,TRUE
2021,79,1,TRUE
2021,80,1,TRUE
2021,81,1,TRUE
2021,83,2,TRUE
2021,86,1,TRUE
2021,87,1,TRUE
2021,93,4,TRUE
2021,98,1,TRUE
2021,99,1,TRUE
2021,100,1,TRUE
2021,104,1,TRUE
2021,106,1,TRUE
2021,122,1,TRUE
2021,124,1,TRUE
2021,134,4,TRUE
2022,-82,1,TRUE
2022,-75,1,TRUE
2022,-59,1,TRUE
2022,-58,1,TRUE
2022,-57,2,TRUE
2022,-56,3,TRUE
2022,-55,1,TRUE
2022,-54,2,TRUE
2022,-53,1,TRUE
2022,-52,3,TRUE
2022,-51,5,TRUE
2022,-49,1,TRUE
2022,-48,1,TRUE
2022,-47,4,TRUE
2022,-46,7,TRUE
2022,-45,10,TRUE
2022,-44,7,TRUE
2022,-43,10,TRUE
2022,-42,8,TRUE
2022,-41,4,TRUE
2022,-40,17,TRUE
2022,-39,6,TRUE
2022,-38,6,TRUE
2022,-37,10,TRUE
2022,-36,9,TRUE
2022,-35,11,TRUE
2022,-34,5,TRUE
2022,-33,4,TRUE
2022,-32,5,TRUE
2022,-31,2,TRUE
2022,-30,3,TRUE
2022,-29,4,TRUE
2022,-28,4,TRUE
2022,-27,3,TRUE
2022,-25,3,TRUE
2022,-24,4,TRUE
2022,-22,3,TRUE
2022,-21,3,TRUE
2022,-20,1,TRUE
2022,-19,4,TRUE
2022,-18,1,TRUE
2022,-16,1,TRUE
2022,-15,1,TRUE
2022,-14,2,TRUE
2022,-13,4,TRUE
2022,-12,4,TRUE
2022,-9,3,TRUE
2022,-7,1,TRUE
2022,-6,1,TRUE
2022,-2,4,TRUE
2022,-1,1,TRUE
2022,0,1,TRUE
2022,4,4,TRUE
2022,5,6,TRUE
2022,10,3,TRUE
2022,11,2,TRUE
2022,16,1,TRUE
2022,17,1,TRUE
2022,20,2,TRUE
2022,21,1,TRUE
2022,22,1,TRUE
2022,23,3,TRUE
2022,26,5,TRUE
2022,27,1,TRUE
2022,29,3,TRUE
2022,32,4,TRUE
2022,34,3,TRUE
2022,35,3,TRUE
2022,39,2,TRUE
2022,40,1,TRUE
2022,45,3,TRUE
2022,46,6,TRUE
2022,51,2,TRUE
2022,52,3,TRUE
2022,57,1,TRUE
2022,58,2,TRUE
2022,63,1,TRUE
2022,64,2,TRUE
2022,70,1,TRUE
2022,73,1,TRUE
2022,76,1,TRUE
2022,82,1,TRUE
2022,88,1,TRUE
2022,93,2,TRUE
2022,99,1,TRUE
2022,100,1,TRUE
2022,106,2,TRUE
2022,123,1,TRUE
2023,-66,1,TRUE
2023,-57,1,TRUE
2023,-54,1,TRUE
2023,-53,1,TRUE
2023,-52,4,TRUE
2023,-51,2,TRUE
2023,-50,4,TRUE
2023,-49,3,TRUE
2023,-48,1,TRUE
2023,-47,2,TRUE
2023,-46,8,TRUE
2023,-45,4,TRUE
2023,-44,3,TRUE
2023,-43,4,TRUE
2023,-42,3,TRUE
2023,-41,2,TRUE
2023,-40,5,TRUE
2023,-39,3,TRUE
2023,-38,3,TRUE
2023,-37,3,TRUE
2023,-36,4,TRUE
2023,-35,3,TRUE
2023,-34,3,TRUE
2023,-33,6,TRUE
2023,-32,1,TRUE
2023,-31,4,TRUE
2023,-30,4,TRUE
2023,-29,2,TRUE
2023,-28,3,TRUE
2023,-27,4,TRUE
2023,-26,2,TRUE
2023,-25,7,TRUE
2023,-24,5,TRUE
2023,-23,4,TRUE
2023,-22,3,TRUE
2023,-21,2,TRUE
2023,-20,4,TRUE
2023,-19,3,TRUE
2023,-18,6,TRUE
2023,-17,4,TRUE
2023,-16,1,TRUE
2023,-15,5,TRUE
2023,-14,7,TRUE
2023,-13,4,TRUE
2023,-12,8,TRUE
2023,-11,2,TRUE
2023,-10,4,TRUE
2023,-9,4,TRUE
2023,-8,8,TRUE
2023,-7,1,TRUE
2023,-6,2,TRUE
2023,-5,5,TRUE
2023,-3,3,TRUE
2023,-2,1,TRUE
2023,0,2,TRUE
2023,1,2,TRUE
2023,2,1,TRUE
2023,3,1,TRUE
2023,6,3,TRUE
2023,12,1,TRUE
2023,15,1,TRUE
2023,18,1,TRUE
2023,22,1,TRUE
2023,27,1,TRUE
2023,28,5,TRUE
2023,31,3,TRUE
2023,33,3,TRUE
2023,34,2,TRUE
2023,35,8,TRUE
2023,36,1,TRUE
2023,38,2,TRUE
2023,39,1,TRUE
2023,41,3,TRUE
2023,42,4,TRUE
2023,44,2,TRUE
2023,45,1,TRUE
2023,48,5,TRUE
2023,49,2,TRUE
2023,50,1,TRUE
2023,51,1,TRUE
2023,54,1,TRUE
2023,59,1,TRUE
2023,60,4,TRUE
2023,61,1,TRUE
2023,65,7,TRUE
2023,66,2,TRUE
2023,68,1,TRUE
2023,69,1,TRUE
2023,75,2,TRUE
2023,77,2,TRUE
2023,78,2,TRUE
2023,79,1,TRUE
2023,80,2,TRUE
2023,83,2,TRUE
2023,86,1,TRUE
2023,87,1,TRUE
2023,89,2,TRUE
2023,92,1,TRUE
2023,96,3,TRUE
2023,98,1,TRUE
2023,99,4,TRUE
2023,110,1,TRUE
2023,117,1,TRUE
2023,120,1,TRUE
