"panel","exported_rows_in_x_limits","drawn_rows","matched_rows","draws_outside_axis_limits","max_abs_diff_full_vs_drawn_median","max_abs_diff_full_vs_drawn_lower","max_abs_diff_full_vs_drawn_upper","n_drawn_NA"
"Fig2 Fig2A",100,100,100,0,1.77635683940025e-15,8.88178419700125e-16,3.19744231092045e-14,0
"Fig2 Fig2B",100,100,100,0,7.105427357601e-15,3.5527136788005e-15,7.105427357601e-14,0
"Fig2 Fig2C",100,100,100,0,1.4210854715202e-14,3.5527136788005e-15,5.6843418860808e-14,0
"Fig2 Fig2D",100,100,100,0,7.105427357601e-15,3.5527136788005e-15,7.105427357601e-15,0
"Fig2 Fig2E",100,100,100,0,1.11022302462516e-16,1.11022302462516e-16,3.33066907387547e-16,0
"Fig2 Fig2F",100,100,100,0,3.60822483003176e-16,1.38777878078145e-17,2.61457522299224e-14,0
"EDFig4 EDFig4A",100,100,100,0,1.4210854715202e-14,3.5527136788005e-15,7.105427357601e-14,0
"EDFig4 EDFig4B",100,100,100,0,7.105427357601e-15,7.105427357601e-15,7.105427357601e-15,0
"EDFig4 EDFig4C",100,100,100,0,1.11022302462516e-16,1.11022302462516e-16,3.33066907387547e-16,0
"EDFig4 EDFig4D",100,100,100,0,4.44089209850063e-16,1.38777878078145e-17,3.67483821150927e-14,0
"Fig3 Fig3A",100,100,100,0,1.4210854715202e-14,1.4210854715202e-14,4.2632564145606e-14,0
"Fig3 Fig3B",100,100,100,0,7.105427357601e-15,7.105427357601e-15,7.105427357601e-15,0
"Fig3 Fig3C",100,100,100,0,1.11022302462516e-16,1.11022302462516e-16,2.22044604925031e-16,0
"Fig3 Fig3D",300,300,300,0,1.11022302462516e-16,1.11022302462516e-16,2.22044604925031e-16,0
"EDFig5 EDFig5A",100,100,100,0,1.4210854715202e-14,1.4210854715202e-14,2.8421709430404e-14,0
"EDFig5 EDFig5B",100,100,100,0,7.105427357601e-15,7.105427357601e-15,1.4210854715202e-14,0
"EDFig5 EDFig5C",100,100,100,0,1.11022302462516e-16,1.11022302462516e-16,2.22044604925031e-16,0
"EDFig5 EDFig5D",300,300,300,0,1.11022302462516e-16,1.11022302462516e-16,2.22044604925031e-16,0
"EDFig2 EDFig2A",100,100,100,0,1.4210854715202e-14,1.4210854715202e-14,4.2632564145606e-14,0
"EDFig2 EDFig2B",100,100,100,0,1.4210854715202e-14,1.4210854715202e-14,2.8421709430404e-14,0
"EDFig3 errorbars",4,4,4,0,0,0,0,0
