"figure","file","rows","cols","bytes"
"Fig2","Fig2A_bloom_onset_mean.csv",100,9,13128
"Fig2","Fig2A_points.csv",21,3,328
"Fig2","Fig2B_bloom_timing_sigma.csv",100,9,13140
"Fig2","Fig2B_points.csv",21,3,636
"Fig2","Fig2C_points.csv",1816,4,29887
"Fig2","Fig2C_mismatch_mean.csv",100,9,13177
"Fig2","Fig2D_points.csv",8378,4,250756
"Fig2","Fig2D_mismatch_sigma.csv",100,9,13161
"Fig2","Fig2E_points.csv",21,5,835
"Fig2","Fig2E_nest_success.csv",100,9,13759
"Fig2","Fig2F_zeta.csv",100,9,13946
"EDFig4","EDFig4A_points.csv",1910,4,31437
"EDFig4","EDFig4A_mismatch_mean.csv",100,9,13186
"EDFig4","EDFig4B_points.csv",8962,4,268285
"EDFig4","EDFig4B_mismatch_sigma.csv",100,9,13135
"EDFig4","EDFig4C_points.csv",21,5,824
"EDFig4","EDFig4C_nest_success.csv",100,9,13758
"EDFig4","EDFig4D_zeta.csv",100,9,13968
"Fig3","Fig3A_points.csv",2671,4,37111
"Fig3","Fig3A_mismatch_mean_age.csv",100,9,13013
"Fig3","Fig3B_points.csv",8378,4,228698
"Fig3","Fig3B_mismatch_sigma_age.csv",100,9,13008
"Fig3","Fig3C_points.csv",23,5,828
"Fig3","Fig3C_nest_success_age.csv",100,9,13631
"Fig3","Fig3D_points.csv",729,6,22082
"Fig3","Fig3D_fledging_category_probs.csv",300,10,43988
"EDFig5","EDFig5A_points.csv",2646,4,36908
"EDFig5","EDFig5A_mismatch_mean_age.csv",100,9,13030
"EDFig5","EDFig5B_points.csv",8962,4,244923
"EDFig5","EDFig5B_mismatch_sigma_age.csv",100,9,13020
"EDFig5","EDFig5C_points.csv",23,5,832
"EDFig5","EDFig5C_nest_success_age.csv",100,9,13631
"EDFig5","EDFig5D_points.csv",750,6,22479
"EDFig5","EDFig5D_fledging_category_probs.csv",300,10,44321
"EDFig2","EDFig2A_population_female.csv",100,9,13013
"EDFig2","EDFig2A_individuals_female.csv",5000,4,225887
"EDFig2","EDFig2B_population_male.csv",100,9,13030
"EDFig2","EDFig2B_individuals_male.csv",5000,4,225894
"EDFig3","EDFig3_expected_fledglings_draws.csv",64000,4,2417506
"EDFig3","EDFig3_summary.csv",4,7,450
"EDFig3","EDFig3_pct_change_2003_2023.csv",2,4,179
"EDFig6","EDFig6_breeding_records_by_fledglings.csv",144,4,2976
"EDFig6","EDFig6_shaded_period.csv",1,3,73
"EDFig1","EDFig1_isla_isabel_location.csv",1,5,170
"EDFig1","EDFig1_chlorophyll_extraction_polygon.csv",5,3,146
"EDFig1","EDFig1_map_extents.csv",2,5,151
