"age_years","posterior_median","lower_95","upper_95","within_x_axis_limits","drawn_median","drawn_lower_95","drawn_upper_95","n_draws_within_axis_limits"
1,39.360408261556,35.890703053994,43.2326125979487,TRUE,39.360408261556,35.890703053994,43.2326125979487,16000
1.22222222222222,38.6579906614548,35.4096687888036,42.2535030593414,TRUE,38.6579906614549,35.4096687888036,42.2535030593414,16000
1.44444444444444,37.9804986245887,34.9240841552081,41.3313057878526,TRUE,37.9804986245888,34.9240841552081,41.3313057878526,16000
1.66666666666667,37.3298348385433,34.4700538197346,40.4498791996737,TRUE,37.3298348385433,34.4700538197346,40.4498791996737,16000
1.88888888888889,36.7068734448968,34.0318010639412,39.616020414881,TRUE,36.7068734448968,34.0318010639412,39.616020414881,16000
2.11111111111111,36.1099017768523,33.6096867309874,38.8163327671393,TRUE,36.1099017768523,33.6096867309874,38.8163327671393,16000
2.33333333333333,35.5390294435717,33.2123553021669,38.0645991730211,TRUE,35.5390294435717,33.2123553021669,38.0645991730211,16000
2.55555555555556,34.9930677645495,32.821294759893,37.3407257214731,TRUE,34.9930677645495,32.821294759893,37.3407257214731,16000
2.77777777777778,34.4685494236113,32.4409080844139,36.6536568563003,TRUE,34.4685494236113,32.4409080844139,36.6536568563003,16000
3,33.9707446331165,32.0808203721433,35.9933722614332,TRUE,33.9707446331165,32.0808203721433,35.9933722614332,16000
3.22222222222222,33.4910423065515,31.7277507301067,35.3791257008487,TRUE,33.4910423065515,31.7277507301067,35.3791257008487,16000
3.44444444444444,33.0386798288315,31.3904128697582,34.795386275038,TRUE,33.0386798288315,31.3904128697582,34.795386275038,16000
3.66666666666667,32.6045294418121,31.0605878482501,34.2437722349092,TRUE,32.6045294418121,31.0605878482501,34.2437722349092,16000
3.88888888888889,32.1934102166887,30.7430579018892,33.7112921510503,TRUE,32.1934102166887,30.7430579018892,33.7112921510503,16000
4.11111111111111,31.8013719030507,30.4384192601198,33.2123881168054,TRUE,31.8013719030507,30.4384192601198,33.2123881168054,16000
4.33333333333333,31.4283691697879,30.1424758250651,32.7401768473292,TRUE,31.4283691697879,30.1424758250651,32.7401768473292,16000
4.55555555555556,31.0710305644523,29.8584296832455,32.2965605440787,TRUE,31.0710305644523,29.8584296832455,32.2965605440787,16000
4.77777777777778,30.734525692321,29.5885570295836,31.8835361916658,TRUE,30.734525692321,29.5885570295836,31.8835361916658,16000
5,30.4143027099804,29.3293084240625,31.4960945505297,TRUE,30.4143027099804,29.3293084240625,31.4960945505297,16000
5.22222222222222,30.109834738223,29.0817425365846,31.136623521188,TRUE,30.109834738223,29.0817425365846,31.136623521188,16000
5.44444444444444,29.8156165938422,28.8403391862669,30.8034411361348,TRUE,29.8156165938422,28.8403391862669,30.8034411361348,16000
5.66666666666667,29.541049426044,28.6075032333759,30.4859248931212,TRUE,29.541049426044,28.6075032333759,30.4859248931212,16000
5.88888888888889,29.2828388957217,28.3814089327911,30.1967323143759,TRUE,29.2828388957217,28.3814089327911,30.1967323143759,16000
6.11111111111111,29.0404758192205,28.1658318910116,29.9298169426438,TRUE,29.0404758192205,28.1658318910116,29.9298169426438,16000
6.33333333333333,28.8144471569975,27.9609378044387,29.6836372812356,TRUE,28.8144471569975,27.9609378044387,29.6836372812356,16000
6.55555555555556,28.6021076430386,27.7656384360609,29.4532020011578,TRUE,28.6021076430386,27.7656384360609,29.4532020011578,16000
6.77777777777778,28.4036805333287,27.5763787413486,29.2423086865685,TRUE,28.4036805333287,27.5763787413486,29.2423086865685,16000
7,28.2188199552196,27.3934010546593,29.0470332581228,TRUE,28.2188199552196,27.3934010546593,29.0470332581228,16000
7.22222222222222,28.0477231813277,27.2242535615262,28.8735265159009,TRUE,28.0477231813277,27.2242535615262,28.8735265159009,16000
7.44444444444444,27.892897885202,27.0711084915034,28.7184944653378,TRUE,27.892897885202,27.0711084915034,28.7184944653378,16000
7.66666666666667,27.7491607017227,26.9303352336257,28.5801112331081,TRUE,27.7491607017227,26.9303352336257,28.5801112331081,16000
7.88888888888889,27.6183182260193,26.790946345533,28.4534956456691,TRUE,27.6183182260193,26.790946345533,28.4534956456691,16000
8.11111111111111,27.5008201774134,26.6700089174991,28.3436495406578,TRUE,27.5008201774134,26.6700089174991,28.3436495406578,16000
8.33333333333333,27.3960484241953,26.5588393476996,28.2457594905186,TRUE,27.3960484241953,26.5588393476996,28.2457594905186,16000
8.55555555555556,27.302295283752,26.4558826546235,28.1620393966017,TRUE,27.302295283752,26.4558826546235,28.1620393966017,16000
8.77777777777778,27.2222811695724,26.365602582226,28.0976342266096,TRUE,27.2222811695724,26.365602582226,28.0976342266096,16000
9,27.1551203054749,26.2878288297288,28.0378329451309,TRUE,27.1551203054749,26.2878288297288,28.0378329451309,16000
9.22222222222222,27.1004214224547,26.2247557539125,27.988320458214,TRUE,27.1004214224547,26.2247557539125,27.988320458214,16000
9.44444444444444,27.0562491638794,26.1756954090034,27.9562712430988,TRUE,27.0562491638794,26.1756954090034,27.9562712430988,16000
9.66666666666667,27.0246738256235,26.1384636391645,27.9374059397288,TRUE,27.0246738256235,26.1384636391645,27.9374059397288,16000
9.88888888888889,27.0044952153392,26.1118011942833,27.9281762218138,TRUE,27.0044952153392,26.1118011942833,27.9281762218138,16000
10.1111111111111,26.9975514360673,26.1008845698765,27.9307596860968,TRUE,26.9975514360673,26.1008845698765,27.9307596860968,16000
10.3333333333333,27.0044898560082,26.0953013735692,27.9417668982951,TRUE,27.0044898560082,26.0953013735692,27.9417668982951,16000
10.5555555555556,27.0219291431851,26.1015002219402,27.9633327157216,TRUE,27.0219291431851,26.1015002219402,27.9633327157216,16000
10.7777777777778,27.0495396712086,26.1208494075573,28.002184573859,TRUE,27.0495396712086,26.1208494075573,28.002184573859,16000
11,27.0914064636667,26.1512989082802,28.0536231389356,TRUE,27.0914064636667,26.1512989082802,28.0536231389356,16000
11.2222222222222,27.1456873813821,26.1987596081913,28.122846759173,TRUE,27.1456873813821,26.1987596081913,28.122846759173,16000
11.4444444444444,27.2125776776177,26.2524256674858,28.2029137661441,TRUE,27.2125776776177,26.2524256674858,28.2029137661441,16000
11.6666666666667,27.2910749617248,26.3147348182526,28.3030110066201,TRUE,27.2910749617248,26.3147348182526,28.3030110066201,16000
11.8888888888889,27.3824765028064,26.3948757568752,28.4112105533309,TRUE,27.3824765028064,26.3948757568752,28.4112105533309,16000
12.1111111111111,27.4866480733286,26.4836713109353,28.5372283366404,TRUE,27.4866480733286,26.4836713109353,28.5372283366404,16000
12.3333333333333,27.6028481605934,26.5822200852223,28.6708314318828,TRUE,27.6028481605934,26.5822200852223,28.6708314318828,16000
12.5555555555556,27.7343932989757,26.6877727167367,28.823315212188,TRUE,27.7343932989757,26.6877727167367,28.823315212188,16000
12.7777777777778,27.8776214843696,26.8118501723776,28.9937114201431,TRUE,27.8776214843696,26.8118501723776,28.9937114201431,16000
13,28.0321115678204,26.938843767139,29.1765763230475,TRUE,28.0321115678204,26.938843767139,29.1765763230475,16000
13.2222222222222,28.2008540365218,27.0763926896794,29.3798757963224,TRUE,28.2008540365218,27.0763926896794,29.3798757963224,16000
13.4444444444444,28.3852566931875,27.2256163591631,29.5961517101905,TRUE,28.3852566931875,27.2256163591631,29.5961517101905,16000
13.6666666666667,28.5823911156397,27.384675126608,29.839850742313,TRUE,28.5823911156397,27.384675126608,29.839850742313,16000
13.8888888888889,28.7943527452754,27.5524061111099,30.0975118381209,TRUE,28.7943527452754,27.5524061111099,30.0975118381209,16000
14.1111111111111,29.020331456297,27.7285615606861,30.3741332481748,TRUE,29.020331456297,27.7285615606861,30.3741332481748,16000
14.3333333333333,29.261736326121,27.9162155963582,30.6723784025032,TRUE,29.261736326121,27.9162155963582,30.6723784025032,16000
14.5555555555556,29.5159337101959,28.1126283042588,30.9861066428132,TRUE,29.5159337101959,28.1126283042588,30.9861066428132,16000
14.7777777777778,29.7892637388121,28.3181370309518,31.3247449149927,TRUE,29.7892637388121,28.3181370309518,31.3247449149927,16000
15,30.081404731509,28.5336186981183,31.6876238502677,TRUE,30.081404731509,28.5336186981183,31.6876238502677,16000
15.2222222222222,30.3838917345275,28.7632874161854,32.0880113543317,TRUE,30.3838917345275,28.7632874161854,32.0880113543317,16000
15.4444444444444,30.7028520902579,29.0015023740517,32.4993449511531,TRUE,30.7028520902579,29.0015023740517,32.4993449511531,16000
15.6666666666667,31.0459786904025,29.2480341779506,32.9408954098855,TRUE,31.0459786904025,29.2480341779506,32.9408954098855,16000
15.8888888888889,31.4050303639584,29.5049108806503,33.4121519972632,TRUE,31.4050303639584,29.5049108806503,33.4121519972632,16000
16.1111111111111,31.7759410917882,29.7747977969929,33.9054596549331,TRUE,31.7759410917882,29.7747977969929,33.9054596549331,16000
16.3333333333333,32.1709683750154,30.0539326151419,34.4240165201781,TRUE,32.1709683750154,30.0539326151419,34.4240165201781,16000
16.5555555555556,32.5827647006027,30.3531660114607,34.9851079548035,TRUE,32.5827647006027,30.3531660114607,34.9851079548035,16000
16.7777777777778,33.0106817850618,30.6517938304964,35.5692623892341,TRUE,33.0106817850618,30.6517938304964,35.5692623892341,16000
17,33.4590651769651,30.9649030727544,36.1626063181189,TRUE,33.4590651769651,30.9649030727544,36.1626063181189,16000
17.2222222222222,33.9325448090397,31.2859832293122,36.8230536127589,TRUE,33.9325448090397,31.2859832293122,36.8230536127589,16000
17.4444444444444,34.4246265796908,31.6307433661946,37.4975294163595,TRUE,34.4246265796908,31.6307433661946,37.4975294163595,16000
17.6666666666667,34.9438270737908,31.9858155506594,38.2175673773396,TRUE,34.9438270737908,31.9858155506594,38.2175673773396,16000
17.8888888888889,35.4840369361925,32.3553906041704,38.9602532576431,TRUE,35.4840369361925,32.3553906041704,38.9602532576431,16000
18.1111111111111,36.0514613829103,32.7405153544404,39.7429470820422,TRUE,36.0514613829103,32.7405153544404,39.7429470820422,16000
18.3333333333333,36.642899020783,33.1323801902336,40.5740919694723,TRUE,36.642899020783,33.1323801902336,40.5740919694723,16000
18.5555555555556,37.25983264917,33.5589606919394,41.4522889704276,TRUE,37.25983264917,33.5589606919394,41.4522889704276,16000
18.7777777777778,37.9043644226051,33.9882372448879,42.3531572385243,TRUE,37.9043644226051,33.9882372448879,42.3531572385243,16000
19,38.5796720549491,34.4293930883026,43.2938773249612,TRUE,38.5796720549491,34.4293930883026,43.2938773249612,16000
19.2222222222222,39.2832701402825,34.8858093751788,44.2949330222341,TRUE,39.2832701402825,34.8858093751788,44.2949330222341,16000
19.4444444444444,40.0227508690634,35.3692689802334,45.3497059510448,TRUE,40.0227508690634,35.3692689802334,45.3497059510448,16000
19.6666666666667,40.7934215545252,35.8593343513117,46.4807324646168,TRUE,40.7934215545252,35.8593343513117,46.4807324646168,16000
19.8888888888889,41.6002802650524,36.3698274878448,47.6818352274303,TRUE,41.6002802650524,36.3698274878448,47.6818352274303,16000
20.1111111111111,42.4329288829327,36.9118822558156,48.9075916998658,TRUE,42.4329288829327,36.9118822558156,48.9075916998658,16000
20.3333333333333,43.3085464377476,37.4757575391303,50.1751637265472,TRUE,43.3085464377476,37.4757575391303,50.1751637265472,16000
20.5555555555556,44.2173560805805,38.0394097636114,51.5490170431425,TRUE,44.2173560805805,38.0394097636114,51.5490170431425,16000
20.7777777777778,45.1648113223972,38.6220027913597,52.9533886364857,TRUE,45.1648113223972,38.6220027913597,52.9533886364857,16000
21,46.151695153887,39.2307320039942,54.4362235567951,TRUE,46.151695153887,39.2307320039942,54.4362235567951,16000
21.2222222222222,47.181670854998,39.8601923876062,55.996929644126,TRUE,47.181670854998,39.8601923876062,55.996929644126,16000
21.4444444444444,48.2550690644249,40.5200614488343,57.6649769320716,TRUE,48.2550690644249,40.5200614488343,57.6649769320716,16000
21.6666666666667,49.3705489501899,41.19238446633,59.3639540633299,TRUE,49.3705489501899,41.19238446633,59.3639540633299,16000
21.8888888888889,50.5428548916201,41.8811397965638,61.1669135960978,TRUE,50.5428548916201,41.8811397965638,61.1669135960978,16000
22.1111111111111,51.7675268728123,42.6186992392729,63.0869647819381,TRUE,51.7675268728123,42.6186992392729,63.0869647819381,16000
22.3333333333333,53.0476910286716,43.3815251659542,65.1164962196736,TRUE,53.0476910286716,43.3815251659542,65.1164962196736,16000
22.5555555555556,54.3771109943863,44.1637191519081,67.2293973193052,TRUE,54.3771109943863,44.1637191519081,67.2293973193052,16000
22.7777777777778,55.7747098202958,44.9390928276166,69.4403216524158,TRUE,55.7747098202958,44.9390928276166,69.4403216524158,16000
23,57.2285488876888,45.7916067428917,71.7315268866798,TRUE,57.2285488876888,45.7916067428917,71.7315268866798,16000
