"mismatch_days","fledgling_category","n_records_category","n_records_mismatch_value","proportion","within_axis_limits"
-82,"0",0,1,0,TRUE
-82,"1-2",1,1,1,TRUE
-82,"3",0,1,0,TRUE
-75,"0",0,1,0,TRUE
-75,"1-2",1,1,1,TRUE
-75,"3",0,1,0,TRUE
-69,"0",1,1,1,TRUE
-69,"1-2",0,1,0,TRUE
-69,"3",0,1,0,TRUE
-66,"0",1,3,0.333333333333333,TRUE
-66,"1-2",2,3,0.666666666666667,TRUE
-66,"3",0,3,0,TRUE
-65,"0",0,1,0,TRUE
-65,"1-2",1,1,1,TRUE
-65,"3",0,1,0,TRUE
-61,"0",1,1,1,TRUE
-61,"1-2",0,1,0,TRUE
-61,"3",0,1,0,TRUE
-59,"0",0,3,0,TRUE
-59,"1-2",3,3,1,TRUE
-59,"3",0,3,0,TRUE
-58,"0",0,1,0,TRUE
-58,"1-2",1,1,1,TRUE
-58,"3",0,1,0,TRUE
-57,"0",0,3,0,TRUE
-57,"1-2",3,3,1,TRUE
-57,"3",0,3,0,TRUE
-56,"0",0,4,0,TRUE
-56,"1-2",4,4,1,TRUE
-56,"3",0,4,0,TRUE
-55,"0",0,1,0,TRUE
-55,"1-2",1,1,1,TRUE
-55,"3",0,1,0,TRUE
-54,"0",0,3,0,TRUE
-54,"1-2",3,3,1,TRUE
-54,"3",0,3,0,TRUE
-53,"0",1,3,0.333333333333333,TRUE
-53,"1-2",1,3,0.333333333333333,TRUE
-53,"3",1,3,0.333333333333333,TRUE
-52,"0",0,8,0,TRUE
-52,"1-2",7,8,0.875,TRUE
-52,"3",1,8,0.125,TRUE
-51,"0",1,7,0.142857142857143,TRUE
-51,"1-2",5,7,0.714285714285714,TRUE
-51,"3",1,7,0.142857142857143,TRUE
-50,"0",2,10,0.2,TRUE
-50,"1-2",7,10,0.7,TRUE
-50,"3",1,10,0.1,TRUE
-49,"0",0,7,0,TRUE
-49,"1-2",6,7,0.857142857142857,TRUE
-49,"3",1,7,0.142857142857143,TRUE
-48,"0",0,4,0,TRUE
-48,"1-2",3,4,0.75,TRUE
-48,"3",1,4,0.25,TRUE
-47,"0",2,13,0.153846153846154,TRUE
-47,"1-2",11,13,0.846153846153846,TRUE
-47,"3",0,13,0,TRUE
-46,"0",0,16,0,TRUE
-46,"1-2",15,16,0.9375,TRUE
-46,"3",1,16,0.0625,TRUE
-45,"0",0,19,0,TRUE
-45,"1-2",18,19,0.947368421052632,TRUE
-45,"3",1,19,0.0526315789473684,TRUE
-44,"0",0,17,0,TRUE
-44,"1-2",13,17,0.764705882352941,TRUE
-44,"3",4,17,0.235294117647059,TRUE
-43,"0",2,17,0.117647058823529,TRUE
-43,"1-2",13,17,0.764705882352941,TRUE
-43,"3",2,17,0.117647058823529,TRUE
-42,"0",0,17,0,TRUE
-42,"1-2",16,17,0.941176470588235,TRUE
-42,"3",1,17,0.0588235294117647,TRUE
-41,"0",0,17,0,TRUE
-41,"1-2",16,17,0.941176470588235,TRUE
-41,"3",1,17,0.0588235294117647,TRUE
-40,"0",0,29,0,TRUE
-40,"1-2",22,29,0.758620689655172,TRUE
-40,"3",7,29,0.241379310344828,TRUE
-39,"0",0,22,0,TRUE
-39,"1-2",19,22,0.863636363636364,TRUE
-39,"3",3,22,0.136363636363636,TRUE
-38,"0",3,24,0.125,TRUE
-38,"1-2",20,24,0.833333333333333,TRUE
-38,"3",1,24,0.0416666666666667,TRUE
-37,"0",0,26,0,TRUE
-37,"1-2",23,26,0.884615384615385,TRUE
-37,"3",3,26,0.115384615384615,TRUE
-36,"0",1,31,0.032258064516129,TRUE
-36,"1-2",28,31,0.903225806451613,TRUE
-36,"3",2,31,0.0645161290322581,TRUE
-35,"0",2,33,0.0606060606060606,TRUE
-35,"1-2",27,33,0.818181818181818,TRUE
-35,"3",4,33,0.121212121212121,TRUE
-34,"0",0,30,0,TRUE
-34,"1-2",21,30,0.7,TRUE
-34,"3",9,30,0.3,TRUE
-33,"0",1,41,0.024390243902439,TRUE
-33,"1-2",36,41,0.878048780487805,TRUE
-33,"3",4,41,0.0975609756097561,TRUE
-32,"0",2,35,0.0571428571428571,TRUE
-32,"1-2",32,35,0.914285714285714,TRUE
-32,"3",1,35,0.0285714285714286,TRUE
-31,"0",2,38,0.0526315789473684,TRUE
-31,"1-2",33,38,0.868421052631579,TRUE
-31,"3",3,38,0.0789473684210526,TRUE
-30,"0",1,35,0.0285714285714286,TRUE
-30,"1-2",30,35,0.857142857142857,TRUE
-30,"3",4,35,0.114285714285714,TRUE
-29,"0",1,35,0.0285714285714286,TRUE
-29,"1-2",28,35,0.8,TRUE
-29,"3",6,35,0.171428571428571,TRUE
-28,"0",3,47,0.0638297872340425,TRUE
-28,"1-2",41,47,0.872340425531915,TRUE
-28,"3",3,47,0.0638297872340425,TRUE
-27,"0",1,36,0.0277777777777778,TRUE
-27,"1-2",32,36,0.888888888888889,TRUE
-27,"3",3,36,0.0833333333333333,TRUE
-26,"0",1,26,0.0384615384615385,TRUE
-26,"1-2",24,26,0.923076923076923,TRUE
-26,"3",1,26,0.0384615384615385,TRUE
-25,"0",4,47,0.0851063829787234,TRUE
-25,"1-2",41,47,0.872340425531915,TRUE
-25,"3",2,47,0.0425531914893617,TRUE
-24,"0",12,37,0.324324324324324,TRUE
-24,"1-2",23,37,0.621621621621622,TRUE
-24,"3",2,37,0.0540540540540541,TRUE
-23,"0",6,47,0.127659574468085,TRUE
-23,"1-2",39,47,0.829787234042553,TRUE
-23,"3",2,47,0.0425531914893617,TRUE
-22,"0",0,38,0,TRUE
-22,"1-2",37,38,0.973684210526316,TRUE
-22,"3",1,38,0.0263157894736842,TRUE
-21,"0",9,39,0.230769230769231,TRUE
-21,"1-2",28,39,0.717948717948718,TRUE
-21,"3",2,39,0.0512820512820513,TRUE
-20,"0",5,47,0.106382978723404,TRUE
-20,"1-2",40,47,0.851063829787234,TRUE
-20,"3",2,47,0.0425531914893617,TRUE
-19,"0",0,33,0,TRUE
-19,"1-2",32,33,0.96969696969697,TRUE
-19,"3",1,33,0.0303030303030303,TRUE
-18,"0",6,41,0.146341463414634,TRUE
-18,"1-2",31,41,0.75609756097561,TRUE
-18,"3",4,41,0.0975609756097561,TRUE
-17,"0",6,43,0.13953488372093,TRUE
-17,"1-2",33,43,0.767441860465116,TRUE
-17,"3",4,43,0.0930232558139535,TRUE
-16,"0",1,32,0.03125,TRUE
-16,"1-2",24,32,0.75,TRUE
-16,"3",7,32,0.21875,TRUE
-15,"0",12,50,0.24,TRUE
-15,"1-2",35,50,0.7,TRUE
-15,"3",3,50,0.06,TRUE
-14,"0",7,50,0.14,TRUE
-14,"1-2",40,50,0.8,TRUE
-14,"3",3,50,0.06,TRUE
-13,"0",5,59,0.0847457627118644,TRUE
-13,"1-2",47,59,0.796610169491525,TRUE
-13,"3",7,59,0.11864406779661,TRUE
-12,"0",9,65,0.138461538461538,TRUE
-12,"1-2",53,65,0.815384615384615,TRUE
-12,"3",3,65,0.0461538461538462,TRUE
-11,"0",10,51,0.196078431372549,TRUE
-11,"1-2",37,51,0.725490196078431,TRUE
-11,"3",4,51,0.0784313725490196,TRUE
-10,"0",3,46,0.0652173913043478,TRUE
-10,"1-2",38,46,0.826086956521739,TRUE
-10,"3",5,46,0.108695652173913,TRUE
-9,"0",8,55,0.145454545454545,TRUE
-9,"1-2",41,55,0.745454545454545,TRUE
-9,"3",6,55,0.109090909090909,TRUE
-8,"0",13,70,0.185714285714286,TRUE
-8,"1-2",44,70,0.628571428571429,TRUE
-8,"3",13,70,0.185714285714286,TRUE
-7,"0",5,60,0.0833333333333333,TRUE
-7,"1-2",49,60,0.816666666666667,TRUE
-7,"3",6,60,0.1,TRUE
-6,"0",3,52,0.0576923076923077,TRUE
-6,"1-2",40,52,0.769230769230769,TRUE
-6,"3",9,52,0.173076923076923,TRUE
-5,"0",6,73,0.0821917808219178,TRUE
-5,"1-2",58,73,0.794520547945205,TRUE
-5,"3",9,73,0.123287671232877,TRUE
-4,"0",1,85,0.0117647058823529,TRUE
-4,"1-2",72,85,0.847058823529412,TRUE
-4,"3",12,85,0.141176470588235,TRUE
-3,"0",11,80,0.1375,TRUE
-3,"1-2",61,80,0.7625,TRUE
-3,"3",8,80,0.1,TRUE
-2,"0",7,55,0.127272727272727,TRUE
-2,"1-2",38,55,0.690909090909091,TRUE
-2,"3",10,55,0.181818181818182,TRUE
-1,"0",10,89,0.112359550561798,TRUE
-1,"1-2",70,89,0.786516853932584,TRUE
-1,"3",9,89,0.101123595505618,TRUE
0,"0",12,78,0.153846153846154,TRUE
0,"1-2",56,78,0.717948717948718,TRUE
0,"3",10,78,0.128205128205128,TRUE
1,"0",3,79,0.0379746835443038,TRUE
1,"1-2",65,79,0.822784810126582,TRUE
1,"3",11,79,0.139240506329114,TRUE
2,"0",1,68,0.0147058823529412,TRUE
2,"1-2",60,68,0.882352941176471,TRUE
2,"3",7,68,0.102941176470588,TRUE
3,"0",12,84,0.142857142857143,TRUE
3,"1-2",64,84,0.761904761904762,TRUE
3,"3",8,84,0.0952380952380952,TRUE
4,"0",6,86,0.0697674418604651,TRUE
4,"1-2",69,86,0.802325581395349,TRUE
4,"3",11,86,0.127906976744186,TRUE
5,"0",6,95,0.0631578947368421,TRUE
5,"1-2",76,95,0.8,TRUE
5,"3",13,95,0.136842105263158,TRUE
6,"0",15,97,0.154639175257732,TRUE
6,"1-2",68,97,0.701030927835051,TRUE
6,"3",14,97,0.144329896907216,TRUE
7,"0",7,81,0.0864197530864197,TRUE
7,"1-2",69,81,0.851851851851852,TRUE
7,"3",5,81,0.0617283950617284,TRUE
8,"0",9,95,0.0947368421052632,TRUE
8,"1-2",78,95,0.821052631578947,TRUE
8,"3",8,95,0.0842105263157895,TRUE
9,"0",13,104,0.125,TRUE
9,"1-2",82,104,0.788461538461538,TRUE
9,"3",9,104,0.0865384615384615,TRUE
10,"0",8,89,0.0898876404494382,TRUE
10,"1-2",71,89,0.797752808988764,TRUE
10,"3",10,89,0.112359550561798,TRUE
11,"0",7,65,0.107692307692308,TRUE
11,"1-2",53,65,0.815384615384615,TRUE
11,"3",5,65,0.0769230769230769,TRUE
12,"0",19,73,0.26027397260274,TRUE
12,"1-2",48,73,0.657534246575342,TRUE
12,"3",6,73,0.0821917808219178,TRUE
13,"0",12,80,0.15,TRUE
13,"1-2",63,80,0.7875,TRUE
13,"3",5,80,0.0625,TRUE
14,"0",9,61,0.147540983606557,TRUE
14,"1-2",50,61,0.819672131147541,TRUE
14,"3",2,61,0.0327868852459016,TRUE
15,"0",17,86,0.197674418604651,TRUE
15,"1-2",64,86,0.744186046511628,TRUE
15,"3",5,86,0.0581395348837209,TRUE
16,"0",9,67,0.134328358208955,TRUE
16,"1-2",52,67,0.776119402985075,TRUE
16,"3",6,67,0.0895522388059701,TRUE
17,"0",12,60,0.2,TRUE
17,"1-2",47,60,0.783333333333333,TRUE
17,"3",1,60,0.0166666666666667,TRUE
18,"0",13,65,0.2,TRUE
18,"1-2",52,65,0.8,TRUE
18,"3",0,65,0,TRUE
19,"0",23,81,0.283950617283951,TRUE
19,"1-2",57,81,0.703703703703704,TRUE
19,"3",1,81,0.0123456790123457,TRUE
20,"0",14,58,0.241379310344828,TRUE
20,"1-2",42,58,0.724137931034483,TRUE
20,"3",2,58,0.0344827586206897,TRUE
21,"0",6,36,0.166666666666667,TRUE
21,"1-2",30,36,0.833333333333333,TRUE
21,"3",0,36,0,TRUE
22,"0",18,59,0.305084745762712,TRUE
22,"1-2",41,59,0.694915254237288,TRUE
22,"3",0,59,0,TRUE
23,"0",9,44,0.204545454545455,TRUE
23,"1-2",34,44,0.772727272727273,TRUE
23,"3",1,44,0.0227272727272727,TRUE
24,"0",13,43,0.302325581395349,TRUE
24,"1-2",30,43,0.697674418604651,TRUE
24,"3",0,43,0,TRUE
25,"0",20,42,0.476190476190476,TRUE
25,"1-2",22,42,0.523809523809524,TRUE
25,"3",0,42,0,TRUE
26,"0",16,70,0.228571428571429,TRUE
26,"1-2",54,70,0.771428571428571,TRUE
26,"3",0,70,0,TRUE
27,"0",12,53,0.226415094339623,TRUE
27,"1-2",40,53,0.754716981132076,TRUE
27,"3",1,53,0.0188679245283019,TRUE
28,"0",19,55,0.345454545454545,TRUE
28,"1-2",35,55,0.636363636363636,TRUE
28,"3",1,55,0.0181818181818182,TRUE
29,"0",15,64,0.234375,TRUE
29,"1-2",49,64,0.765625,TRUE
29,"3",0,64,0,TRUE
30,"0",16,55,0.290909090909091,TRUE
30,"1-2",39,55,0.709090909090909,TRUE
30,"3",0,55,0,TRUE
31,"0",21,69,0.304347826086957,TRUE
31,"1-2",48,69,0.695652173913043,TRUE
31,"3",0,69,0,TRUE
32,"0",22,77,0.285714285714286,TRUE
32,"1-2",53,77,0.688311688311688,TRUE
32,"3",2,77,0.025974025974026,TRUE
33,"0",27,64,0.421875,TRUE
33,"1-2",37,64,0.578125,TRUE
33,"3",0,64,0,TRUE
34,"0",17,60,0.283333333333333,TRUE
34,"1-2",43,60,0.716666666666667,TRUE
34,"3",0,60,0,TRUE
35,"0",28,87,0.32183908045977,TRUE
35,"1-2",59,87,0.67816091954023,TRUE
35,"3",0,87,0,TRUE
36,"0",18,58,0.310344827586207,TRUE
36,"1-2",39,58,0.672413793103448,TRUE
36,"3",1,58,0.0172413793103448,TRUE
37,"0",24,56,0.428571428571429,TRUE
37,"1-2",32,56,0.571428571428571,TRUE
37,"3",0,56,0,TRUE
38,"0",17,79,0.215189873417722,TRUE
38,"1-2",62,79,0.784810126582278,TRUE
38,"3",0,79,0,TRUE
39,"0",21,71,0.295774647887324,TRUE
39,"1-2",50,71,0.704225352112676,TRUE
39,"3",0,71,0,TRUE
40,"0",19,55,0.345454545454545,TRUE
40,"1-2",36,55,0.654545454545455,TRUE
40,"3",0,55,0,TRUE
41,"0",19,58,0.327586206896552,TRUE
41,"1-2",39,58,0.672413793103448,TRUE
41,"3",0,58,0,TRUE
42,"0",22,66,0.333333333333333,TRUE
42,"1-2",43,66,0.651515151515151,TRUE
42,"3",1,66,0.0151515151515152,TRUE
43,"0",24,49,0.489795918367347,TRUE
43,"1-2",25,49,0.510204081632653,TRUE
43,"3",0,49,0,TRUE
44,"0",12,38,0.315789473684211,TRUE
44,"1-2",26,38,0.684210526315789,TRUE
44,"3",0,38,0,TRUE
45,"0",15,42,0.357142857142857,TRUE
45,"1-2",27,42,0.642857142857143,TRUE
45,"3",0,42,0,TRUE
46,"0",18,29,0.620689655172414,TRUE
46,"1-2",11,29,0.379310344827586,TRUE
46,"3",0,29,0,TRUE
47,"0",14,49,0.285714285714286,TRUE
47,"1-2",34,49,0.693877551020408,TRUE
47,"3",1,49,0.0204081632653061,TRUE
48,"0",20,58,0.344827586206897,TRUE
48,"1-2",36,58,0.620689655172414,TRUE
48,"3",2,58,0.0344827586206897,TRUE
49,"0",20,57,0.350877192982456,TRUE
49,"1-2",37,57,0.649122807017544,TRUE
49,"3",0,57,0,TRUE
50,"0",8,29,0.275862068965517,TRUE
50,"1-2",21,29,0.724137931034483,TRUE
50,"3",0,29,0,TRUE
51,"0",15,49,0.306122448979592,TRUE
51,"1-2",34,49,0.693877551020408,TRUE
51,"3",0,49,0,TRUE
52,"0",24,40,0.6,TRUE
52,"1-2",16,40,0.4,TRUE
52,"3",0,40,0,TRUE
53,"0",13,35,0.371428571428571,TRUE
53,"1-2",22,35,0.628571428571429,TRUE
53,"3",0,35,0,TRUE
54,"0",10,26,0.384615384615385,TRUE
54,"1-2",16,26,0.615384615384615,TRUE
54,"3",0,26,0,TRUE
55,"0",18,31,0.580645161290323,TRUE
55,"1-2",12,31,0.387096774193548,TRUE
55,"3",1,31,0.032258064516129,TRUE
56,"0",12,37,0.324324324324324,TRUE
56,"1-2",25,37,0.675675675675676,TRUE
56,"3",0,37,0,TRUE
57,"0",14,36,0.388888888888889,TRUE
57,"1-2",22,36,0.611111111111111,TRUE
57,"3",0,36,0,TRUE
58,"0",19,34,0.558823529411765,TRUE
58,"1-2",14,34,0.411764705882353,TRUE
58,"3",1,34,0.0294117647058824,TRUE
59,"0",9,19,0.473684210526316,TRUE
59,"1-2",10,19,0.526315789473684,TRUE
59,"3",0,19,0,TRUE
60,"0",15,30,0.5,TRUE
60,"1-2",15,30,0.5,TRUE
60,"3",0,30,0,TRUE
61,"0",23,36,0.638888888888889,TRUE
61,"1-2",13,36,0.361111111111111,TRUE
61,"3",0,36,0,TRUE
62,"0",16,23,0.695652173913043,TRUE
62,"1-2",7,23,0.304347826086957,TRUE
62,"3",0,23,0,TRUE
63,"0",23,32,0.71875,TRUE
63,"1-2",9,32,0.28125,TRUE
63,"3",0,32,0,TRUE
64,"0",19,29,0.655172413793103,TRUE
64,"1-2",10,29,0.344827586206897,TRUE
64,"3",0,29,0,TRUE
65,"0",25,34,0.735294117647059,TRUE
65,"1-2",9,34,0.264705882352941,TRUE
65,"3",0,34,0,TRUE
66,"0",24,40,0.6,TRUE
66,"1-2",16,40,0.4,TRUE
66,"3",0,40,0,TRUE
67,"0",42,52,0.807692307692308,TRUE
67,"1-2",10,52,0.192307692307692,TRUE
67,"3",0,52,0,TRUE
68,"0",30,45,0.666666666666667,TRUE
68,"1-2",15,45,0.333333333333333,TRUE
68,"3",0,45,0,TRUE
69,"0",24,36,0.666666666666667,TRUE
69,"1-2",12,36,0.333333333333333,TRUE
69,"3",0,36,0,TRUE
70,"0",43,55,0.781818181818182,TRUE
70,"1-2",12,55,0.218181818181818,TRUE
70,"3",0,55,0,TRUE
71,"0",32,41,0.780487804878049,TRUE
71,"1-2",9,41,0.219512195121951,TRUE
71,"3",0,41,0,TRUE
72,"0",15,24,0.625,TRUE
72,"1-2",9,24,0.375,TRUE
72,"3",0,24,0,TRUE
73,"0",36,51,0.705882352941177,TRUE
73,"1-2",15,51,0.294117647058824,TRUE
73,"3",0,51,0,TRUE
74,"0",27,42,0.642857142857143,TRUE
74,"1-2",15,42,0.357142857142857,TRUE
74,"3",0,42,0,TRUE
75,"0",14,26,0.538461538461538,TRUE
75,"1-2",12,26,0.461538461538462,TRUE
75,"3",0,26,0,TRUE
76,"0",47,59,0.796610169491525,TRUE
76,"1-2",12,59,0.203389830508475,TRUE
76,"3",0,59,0,TRUE
77,"0",46,60,0.766666666666667,TRUE
77,"1-2",14,60,0.233333333333333,TRUE
77,"3",0,60,0,TRUE
78,"0",27,40,0.675,TRUE
78,"1-2",13,40,0.325,TRUE
78,"3",0,40,0,TRUE
79,"0",49,60,0.816666666666667,TRUE
79,"1-2",11,60,0.183333333333333,TRUE
79,"3",0,60,0,TRUE
80,"0",50,56,0.892857142857143,TRUE
80,"1-2",6,56,0.107142857142857,TRUE
80,"3",0,56,0,TRUE
81,"0",26,37,0.702702702702703,TRUE
81,"1-2",11,37,0.297297297297297,TRUE
81,"3",0,37,0,TRUE
82,"0",50,58,0.862068965517241,TRUE
82,"1-2",8,58,0.137931034482759,TRUE
82,"3",0,58,0,TRUE
83,"0",29,37,0.783783783783784,TRUE
83,"1-2",8,37,0.216216216216216,TRUE
83,"3",0,37,0,TRUE
84,"0",37,50,0.74,TRUE
84,"1-2",13,50,0.26,TRUE
84,"3",0,50,0,TRUE
85,"0",26,38,0.684210526315789,TRUE
85,"1-2",12,38,0.315789473684211,TRUE
85,"3",0,38,0,TRUE
86,"0",36,51,0.705882352941177,TRUE
86,"1-2",15,51,0.294117647058824,TRUE
86,"3",0,51,0,TRUE
87,"0",34,44,0.772727272727273,TRUE
87,"1-2",10,44,0.227272727272727,TRUE
87,"3",0,44,0,TRUE
88,"0",39,57,0.684210526315789,TRUE
88,"1-2",18,57,0.315789473684211,TRUE
88,"3",0,57,0,TRUE
89,"0",39,58,0.672413793103448,TRUE
89,"1-2",19,58,0.327586206896552,TRUE
89,"3",0,58,0,TRUE
90,"0",24,30,0.8,TRUE
90,"1-2",6,30,0.2,TRUE
90,"3",0,30,0,TRUE
91,"0",65,81,0.802469135802469,TRUE
91,"1-2",16,81,0.197530864197531,TRUE
91,"3",0,81,0,TRUE
92,"0",29,38,0.763157894736842,TRUE
92,"1-2",9,38,0.236842105263158,TRUE
92,"3",0,38,0,TRUE
93,"0",37,43,0.86046511627907,TRUE
93,"1-2",6,43,0.13953488372093,TRUE
93,"3",0,43,0,TRUE
94,"0",38,43,0.883720930232558,TRUE
94,"1-2",5,43,0.116279069767442,TRUE
94,"3",0,43,0,TRUE
95,"0",24,27,0.888888888888889,TRUE
95,"1-2",3,27,0.111111111111111,TRUE
95,"3",0,27,0,TRUE
96,"0",25,30,0.833333333333333,TRUE
96,"1-2",4,30,0.133333333333333,TRUE
96,"3",1,30,0.0333333333333333,TRUE
97,"0",52,68,0.764705882352941,TRUE
97,"1-2",16,68,0.235294117647059,TRUE
97,"3",0,68,0,TRUE
98,"0",39,49,0.795918367346939,TRUE
98,"1-2",10,49,0.204081632653061,TRUE
98,"3",0,49,0,TRUE
99,"0",17,17,1,TRUE
99,"1-2",0,17,0,TRUE
99,"3",0,17,0,TRUE
100,"0",49,64,0.765625,TRUE
100,"1-2",15,64,0.234375,TRUE
100,"3",0,64,0,TRUE
101,"0",19,23,0.826086956521739,TRUE
101,"1-2",4,23,0.173913043478261,TRUE
101,"3",0,23,0,TRUE
102,"0",30,35,0.857142857142857,TRUE
102,"1-2",5,35,0.142857142857143,TRUE
102,"3",0,35,0,TRUE
103,"0",48,59,0.813559322033898,TRUE
103,"1-2",11,59,0.186440677966102,TRUE
103,"3",0,59,0,TRUE
104,"0",17,21,0.80952380952381,TRUE
104,"1-2",4,21,0.19047619047619,TRUE
104,"3",0,21,0,TRUE
105,"0",17,19,0.894736842105263,TRUE
105,"1-2",2,19,0.105263157894737,TRUE
105,"3",0,19,0,TRUE
106,"0",44,49,0.897959183673469,TRUE
106,"1-2",5,49,0.102040816326531,TRUE
106,"3",0,49,0,TRUE
107,"0",21,26,0.807692307692308,TRUE
107,"1-2",5,26,0.192307692307692,TRUE
107,"3",0,26,0,TRUE
108,"0",19,21,0.904761904761905,TRUE
108,"1-2",2,21,0.0952380952380952,TRUE
108,"3",0,21,0,TRUE
109,"0",48,57,0.842105263157895,TRUE
109,"1-2",9,57,0.157894736842105,TRUE
109,"3",0,57,0,TRUE
110,"0",21,29,0.724137931034483,TRUE
110,"1-2",8,29,0.275862068965517,TRUE
110,"3",0,29,0,TRUE
111,"0",22,23,0.956521739130435,TRUE
111,"1-2",1,23,0.0434782608695652,TRUE
111,"3",0,23,0,TRUE
112,"0",36,39,0.923076923076923,TRUE
112,"1-2",3,39,0.0769230769230769,TRUE
112,"3",0,39,0,TRUE
113,"0",23,24,0.958333333333333,TRUE
113,"1-2",1,24,0.0416666666666667,TRUE
113,"3",0,24,0,TRUE
114,"0",30,35,0.857142857142857,TRUE
114,"1-2",5,35,0.142857142857143,TRUE
114,"3",0,35,0,TRUE
115,"0",71,83,0.855421686746988,TRUE
115,"1-2",12,83,0.144578313253012,TRUE
115,"3",0,83,0,TRUE
116,"0",20,23,0.869565217391304,TRUE
116,"1-2",3,23,0.130434782608696,TRUE
116,"3",0,23,0,TRUE
117,"0",20,22,0.909090909090909,TRUE
117,"1-2",2,22,0.0909090909090909,TRUE
117,"3",0,22,0,TRUE
118,"0",46,50,0.92,TRUE
118,"1-2",4,50,0.08,TRUE
118,"3",0,50,0,TRUE
119,"0",32,35,0.914285714285714,TRUE
119,"1-2",3,35,0.0857142857142857,TRUE
119,"3",0,35,0,TRUE
120,"0",24,26,0.923076923076923,TRUE
120,"1-2",2,26,0.0769230769230769,TRUE
120,"3",0,26,0,TRUE
121,"0",42,46,0.91304347826087,TRUE
121,"1-2",4,46,0.0869565217391304,TRUE
121,"3",0,46,0,TRUE
122,"0",24,25,0.96,TRUE
122,"1-2",1,25,0.04,TRUE
122,"3",0,25,0,TRUE
123,"0",23,23,1,TRUE
123,"1-2",0,23,0,TRUE
123,"3",0,23,0,TRUE
124,"0",38,40,0.95,TRUE
124,"1-2",2,40,0.05,TRUE
124,"3",0,40,0,TRUE
125,"0",24,28,0.857142857142857,TRUE
125,"1-2",4,28,0.142857142857143,TRUE
125,"3",0,28,0,TRUE
126,"0",18,18,1,TRUE
126,"1-2",0,18,0,TRUE
126,"3",0,18,0,TRUE
127,"0",42,42,1,TRUE
127,"1-2",0,42,0,TRUE
127,"3",0,42,0,TRUE
128,"0",28,28,1,TRUE
128,"1-2",0,28,0,TRUE
128,"3",0,28,0,TRUE
129,"0",30,31,0.967741935483871,TRUE
129,"1-2",1,31,0.032258064516129,TRUE
129,"3",0,31,0,TRUE
130,"0",47,48,0.979166666666667,TRUE
130,"1-2",1,48,0.0208333333333333,TRUE
130,"3",0,48,0,TRUE
131,"0",17,17,1,TRUE
131,"1-2",0,17,0,TRUE
131,"3",0,17,0,TRUE
132,"0",30,30,1,TRUE
132,"1-2",0,30,0,TRUE
132,"3",0,30,0,TRUE
133,"0",27,29,0.931034482758621,TRUE
133,"1-2",2,29,0.0689655172413793,TRUE
133,"3",0,29,0,TRUE
134,"0",17,17,1,TRUE
134,"1-2",0,17,0,TRUE
134,"3",0,17,0,TRUE
135,"0",16,16,1,TRUE
135,"1-2",0,16,0,TRUE
135,"3",0,16,0,TRUE
136,"0",14,14,1,TRUE
136,"1-2",0,14,0,TRUE
136,"3",0,14,0,TRUE
137,"0",17,19,0.894736842105263,TRUE
137,"1-2",2,19,0.105263157894737,TRUE
137,"3",0,19,0,TRUE
138,"0",36,36,1,TRUE
138,"1-2",0,36,0,TRUE
138,"3",0,36,0,TRUE
139,"0",23,25,0.92,TRUE
139,"1-2",2,25,0.08,TRUE
139,"3",0,25,0,TRUE
140,"0",7,9,0.777777777777778,TRUE
140,"1-2",2,9,0.222222222222222,TRUE
140,"3",0,9,0,TRUE
141,"0",18,18,1,TRUE
141,"1-2",0,18,0,TRUE
141,"3",0,18,0,TRUE
142,"0",9,9,1,TRUE
142,"1-2",0,9,0,TRUE
142,"3",0,9,0,TRUE
143,"0",24,25,0.96,TRUE
143,"1-2",1,25,0.04,TRUE
143,"3",0,25,0,TRUE
144,"0",15,15,1,TRUE
144,"1-2",0,15,0,TRUE
144,"3",0,15,0,TRUE
145,"0",20,21,0.952380952380952,TRUE
145,"1-2",1,21,0.0476190476190476,TRUE
145,"3",0,21,0,TRUE
147,"0",9,9,1,TRUE
147,"1-2",0,9,0,TRUE
147,"3",0,9,0,TRUE
148,"0",10,10,1,TRUE
148,"1-2",0,10,0,TRUE
148,"3",0,10,0,TRUE
149,"0",15,15,1,TRUE
149,"1-2",0,15,0,TRUE
149,"3",0,15,0,TRUE
150,"0",11,12,0.916666666666667,TRUE
150,"1-2",1,12,0.0833333333333333,TRUE
150,"3",0,12,0,TRUE
151,"0",15,15,1,TRUE
151,"1-2",0,15,0,TRUE
151,"3",0,15,0,TRUE
152,"0",5,5,1,TRUE
152,"1-2",0,5,0,TRUE
152,"3",0,5,0,TRUE
153,"0",5,5,1,TRUE
153,"1-2",0,5,0,TRUE
153,"3",0,5,0,TRUE
154,"0",5,5,1,TRUE
154,"1-2",0,5,0,TRUE
154,"3",0,5,0,TRUE
155,"0",5,5,1,TRUE
155,"1-2",0,5,0,TRUE
155,"3",0,5,0,TRUE
156,"0",7,7,1,TRUE
156,"1-2",0,7,0,TRUE
156,"3",0,7,0,TRUE
157,"0",7,7,1,TRUE
157,"1-2",0,7,0,TRUE
157,"3",0,7,0,TRUE
158,"0",3,3,1,TRUE
158,"1-2",0,3,0,TRUE
158,"3",0,3,0,TRUE
159,"0",4,4,1,TRUE
159,"1-2",0,4,0,TRUE
159,"3",0,4,0,TRUE
160,"0",1,1,1,TRUE
160,"1-2",0,1,0,TRUE
160,"3",0,1,0,TRUE
161,"0",12,12,1,TRUE
161,"1-2",0,12,0,TRUE
161,"3",0,12,0,TRUE
162,"0",2,2,1,TRUE
162,"1-2",0,2,0,TRUE
162,"3",0,2,0,TRUE
163,"0",7,7,1,TRUE
163,"1-2",0,7,0,TRUE
163,"3",0,7,0,TRUE
164,"0",1,1,1,TRUE
164,"1-2",0,1,0,TRUE
164,"3",0,1,0,TRUE
167,"0",13,13,1,TRUE
167,"1-2",0,13,0,TRUE
167,"3",0,13,0,TRUE
169,"0",3,3,1,TRUE
169,"1-2",0,3,0,TRUE
169,"3",0,3,0,TRUE
171,"0",1,1,1,TRUE
171,"1-2",0,1,0,TRUE
171,"3",0,1,0,TRUE
173,"0",2,2,1,TRUE
173,"1-2",0,2,0,TRUE
173,"3",0,2,0,TRUE
174,"0",1,1,1,TRUE
174,"1-2",0,1,0,TRUE
174,"3",0,1,0,TRUE
175,"0",3,3,1,TRUE
175,"1-2",0,3,0,TRUE
175,"3",0,3,0,TRUE
176,"0",1,1,1,TRUE
176,"1-2",0,1,0,TRUE
176,"3",0,1,0,TRUE
178,"0",2,2,1,TRUE
178,"1-2",0,2,0,TRUE
178,"3",0,2,0,TRUE
179,"0",8,8,1,TRUE
179,"1-2",0,8,0,TRUE
179,"3",0,8,0,TRUE
180,"0",1,1,1,TRUE
180,"1-2",0,1,0,TRUE
180,"3",0,1,0,TRUE
181,"0",6,6,1,TRUE
181,"1-2",0,6,0,TRUE
181,"3",0,6,0,TRUE
185,"0",14,14,1,TRUE
185,"1-2",0,14,0,TRUE
185,"3",0,14,0,TRUE
186,"0",1,1,1,TRUE
186,"1-2",0,1,0,TRUE
186,"3",0,1,0,TRUE
187,"0",4,4,1,TRUE
187,"1-2",0,4,0,TRUE
187,"3",0,4,0,TRUE
188,"0",1,1,1,TRUE
188,"1-2",0,1,0,TRUE
188,"3",0,1,0,TRUE
191,"0",5,5,1,TRUE
191,"1-2",0,5,0,TRUE
191,"3",0,5,0,TRUE
194,"0",1,1,1,TRUE
194,"1-2",0,1,0,TRUE
194,"3",0,1,0,TRUE
196,"0",1,1,1,TRUE
196,"1-2",0,1,0,TRUE
196,"3",0,1,0,TRUE
197,"0",6,6,1,TRUE
197,"1-2",0,6,0,TRUE
197,"3",0,6,0,TRUE
203,"0",2,2,1,TRUE
203,"1-2",0,2,0,TRUE
203,"3",0,2,0,TRUE
205,"0",1,1,1,TRUE
205,"1-2",0,1,0,TRUE
205,"3",0,1,0,TRUE
