"fledgling_category","mismatch_days","posterior_median","lower_95","upper_95","within_x_axis_limits","drawn_median","drawn_lower_95","drawn_upper_95","n_draws_within_axis_limits"
"0",-82,0.000236543466408895,2.37591206093205e-05,0.00141139789509317,TRUE,0.000236543466408895,2.37591206093205e-05,0.00141139789509317,16000
"0",-79.1818181818182,0.000293874218666162,3.25682034303818e-05,0.00164859870641671,TRUE,0.000293874218666162,3.25682034303818e-05,0.00164859870641671,16000
"0",-76.3636363636364,0.00036511416277234,4.44633143011838e-05,0.00192451321869309,TRUE,0.00036511416277234,4.44633143011838e-05,0.00192451321869309,16000
"0",-73.5454545454545,0.000453608070722744,6.01633982083788e-05,0.00224634165842708,TRUE,0.000453608070722744,6.01633982083788e-05,0.00224634165842708,16000
"0",-70.7272727272727,0.000560960799508865,8.06526213882006e-05,0.00261541968117308,TRUE,0.000560960799508865,8.06526213882006e-05,0.00261541968117308,16000
"0",-67.9090909090909,0.000694812415804563,0.000107876197572634,0.0030451657915266,TRUE,0.000694812415804563,0.000107876197572634,0.0030451657915266,16000
"0",-65.0909090909091,0.000859030749456212,0.000144413126960288,0.00356115342480296,TRUE,0.000859030749456212,0.000144413126960288,0.00356115342480296,16000
"0",-62.2727272727273,0.00105834130803132,0.000190742418044817,0.00417693167557418,TRUE,0.00105834130803132,0.000190742418044817,0.00417693167557418,16000
"0",-59.4545454545455,0.00130264450254075,0.000250157722601545,0.00486959591421776,TRUE,0.00130264450254075,0.000250157722601545,0.00486959591421776,16000
"0",-56.6363636363636,0.00160115402631751,0.000325927921324685,0.00569714235083492,TRUE,0.00160115402631751,0.000325927921324685,0.00569714235083493,16000
"0",-53.8181818181818,0.00196195708607897,0.000422860201096041,0.00665821571650277,TRUE,0.00196195708607897,0.000422860201096041,0.00665821571650277,16000
"0",-51,0.00238975448931366,0.000548160972637384,0.00774189195082802,TRUE,0.00238975448931366,0.000548160972637384,0.00774189195082803,16000
"0",-48.1818181818182,0.00291184220038779,0.000705794838761234,0.00902877137108486,TRUE,0.00291184220038779,0.000705794838761234,0.00902877137108486,16000
"0",-45.3636363636364,0.00353808329865375,0.000901086235296241,0.010501553788819,TRUE,0.00353808329865375,0.000901086235296241,0.010501553788819,16000
"0",-42.5454545454545,0.00429161775040897,0.00114040587973556,0.0122183430591764,TRUE,0.00429161775040897,0.00114040587973556,0.0122183430591764,16000
"0",-39.7272727272727,0.00518377599941893,0.00144578867326359,0.0142785545709478,TRUE,0.00518377599941893,0.00144578867326359,0.0142785545709478,16000
"0",-36.9090909090909,0.00623474143561751,0.00182653195631349,0.0166719230648224,TRUE,0.00623474143561751,0.00182653195631349,0.0166719230648224,16000
"0",-34.0909090909091,0.00748847464258987,0.0022904531730414,0.019389447462144,TRUE,0.00748847464258987,0.0022904531730414,0.019389447462144,16000
"0",-31.2727272727273,0.00896745546216615,0.00285992388044466,0.0225916693815179,TRUE,0.00896745546216615,0.00285992388044466,0.0225916693815179,16000
"0",-28.4545454545455,0.010716762057637,0.00356362851684339,0.0261180311751042,TRUE,0.010716762057637,0.00356362851684339,0.0261180311751042,16000
"0",-25.6363636363636,0.0127616611599103,0.00440365918798512,0.0301520293787207,TRUE,0.0127616611599103,0.00440365918798512,0.0301520293787207,16000
"0",-22.8181818181818,0.015150600681778,0.00543013480329199,0.0347131268186927,TRUE,0.015150600681778,0.00543013480329199,0.0347131268186927,16000
"0",-20,0.0179428863761022,0.00663131218608241,0.0400389908154979,TRUE,0.0179428863761022,0.00663131218608241,0.0400389908154979,16000
"0",-17.1818181818182,0.0211770488526331,0.00809394171391863,0.0458476760795531,TRUE,0.0211770488526331,0.00809394171391863,0.0458476760795531,16000
"0",-14.3636363636364,0.0248966757846033,0.00979526601181315,0.0523244161514913,TRUE,0.0248966757846033,0.00979526601181315,0.0523244161514914,16000
"0",-11.5454545454545,0.029213113045073,0.0118401432786131,0.0598544468737904,TRUE,0.0292131130450731,0.0118401432786131,0.0598544468737905,16000
"0",-8.72727272727272,0.0341129790021459,0.0142825033186096,0.0683674839808308,TRUE,0.0341129790021459,0.0142825033186096,0.0683674839808308,16000
"0",-5.90909090909091,0.0397127850893793,0.0171478765843311,0.077682132487949,TRUE,0.0397127850893793,0.0171478765843311,0.077682132487949,16000
"0",-3.09090909090909,0.0460120374948742,0.0204549959222839,0.0879343834648231,TRUE,0.0460120374948742,0.0204549959222839,0.0879343834648231,16000
"0",-0.272727272727266,0.0531851715521617,0.0243118084695124,0.0992746348109705,TRUE,0.0531851715521617,0.0243118084695124,0.0992746348109705,16000
"0",2.54545454545455,0.0612049594869045,0.0287536138504066,0.111566971095109,TRUE,0.0612049594869045,0.0287536138504066,0.111566971095109,16000
"0",5.36363636363637,0.0701823833143665,0.0338639828308354,0.125321751054062,TRUE,0.0701823833143665,0.0338639828308354,0.125321751054062,16000
"0",8.18181818181819,0.0802227710110045,0.0396645026337647,0.140256998304056,TRUE,0.0802227710110045,0.0396645026337647,0.140256998304056,16000
"0",11,0.0914057026170563,0.0462433309068401,0.156458109355375,TRUE,0.0914057026170563,0.0462433309068401,0.156458109355375,16000
"0",13.8181818181818,0.103590054605576,0.0536605698784437,0.174120455262395,TRUE,0.103590054605576,0.0536605698784437,0.174120455262395,16000
"0",16.6363636363636,0.117028200797988,0.0619664526429668,0.192518056056243,TRUE,0.117028200797988,0.0619664526429668,0.192518056056243,16000
"0",19.4545454545455,0.131704496804749,0.0714107828572577,0.212512348393658,TRUE,0.131704496804749,0.0714107828572577,0.212512348393658,16000
"0",22.2727272727273,0.147728869527927,0.081998953655895,0.23369498760906,TRUE,0.147728869527927,0.081998953655895,0.23369498760906,16000
"0",25.0909090909091,0.165093776089149,0.0937053390842512,0.256232080473086,TRUE,0.165093776089149,0.0937053390842512,0.256232080473086,16000
"0",27.9090909090909,0.183776280051367,0.106487203321796,0.279838127897476,TRUE,0.183776280051367,0.106487203321796,0.279838127897476,16000
"0",30.7272727272727,0.203867838259127,0.12069130940617,0.304755766997224,TRUE,0.203867838259127,0.12069130940617,0.304755766997224,16000
"0",33.5454545454545,0.225209775413961,0.136281520317799,0.330424895537418,TRUE,0.225209775413961,0.136281520317799,0.330424895537418,16000
"0",36.3636363636364,0.247839044420611,0.153420425312965,0.357360790667792,TRUE,0.247839044420611,0.153420425312965,0.357360790667792,16000
"0",39.1818181818182,0.271762251714452,0.171729953729241,0.38475327037874,TRUE,0.271762251714452,0.171729953729241,0.38475327037874,16000
"0",42,0.296921597310174,0.191634271469453,0.413054239304341,TRUE,0.296921597310174,0.191634271469453,0.413054239304341,16000
"0",44.8181818181818,0.323114742693086,0.21290192373598,0.441788917972957,TRUE,0.323114742693086,0.21290192373598,0.441788917972957,16000
"0",47.6363636363637,0.350229647219332,0.235536371858576,0.470712719981422,TRUE,0.350229647219332,0.235536371858576,0.470712719981422,16000
"0",50.4545454545455,0.378308840182746,0.259334620342863,0.49914433567025,TRUE,0.378308840182746,0.259334620342863,0.49914433567025,16000
"0",53.2727272727273,0.407110477317649,0.284807232628393,0.528987754342699,TRUE,0.407110477317649,0.284807232628393,0.528987754342699,16000
"0",56.0909090909091,0.436350269016192,0.31117887049475,0.558541330944854,TRUE,0.436350269016192,0.31117887049475,0.558541330944854,16000
"0",58.9090909090909,0.466160033046018,0.338578992876379,0.587687083080578,TRUE,0.466160033046018,0.338578992876379,0.587687083080579,16000
"0",61.7272727272727,0.496283399876559,0.366650158208597,0.616187966467181,TRUE,0.496283399876559,0.366650158208597,0.61618796646718,16000
"0",64.5454545454546,0.526398113932001,0.395828844172021,0.644385346707442,TRUE,0.526398113932001,0.395828844172021,0.644385346707442,16000
"0",67.3636363636364,0.556282888401977,0.425597356639894,0.671781599757072,TRUE,0.556282888401977,0.425597356639894,0.671781599757072,16000
"0",70.1818181818182,0.585973411996202,0.456247267690045,0.698289649612839,TRUE,0.585973411996202,0.456247267690045,0.698289649612839,16000
"0",73,0.615287102204754,0.486954415186687,0.723945768839402,TRUE,0.615287102204754,0.486954415186687,0.723945768839402,16000
"0",75.8181818181818,0.644112738105889,0.517839942243439,0.74843938771279,TRUE,0.644112738105889,0.517839942243439,0.74843938771279,16000
"0",78.6363636363637,0.672214404904656,0.548893807521991,0.77177288804363,TRUE,0.672214404904656,0.548893807521991,0.77177288804363,16000
"0",81.4545454545455,0.699519560243576,0.579590709921585,0.794013295350199,TRUE,0.699519560243576,0.579590709921585,0.794013295350199,16000
"0",84.2727272727273,0.725616942117656,0.609664168714093,0.815068464247994,TRUE,0.725616942117656,0.609664168714093,0.815068464247994,16000
"0",87.0909090909091,0.750748585284217,0.639087219379241,0.834764476633823,TRUE,0.750748585284217,0.639087219379241,0.834764476633823,16000
"0",89.9090909090909,0.774450133484884,0.667698181247591,0.853339442084657,TRUE,0.774450133484884,0.667698181247591,0.853339442084657,16000
"0",92.7272727272727,0.796961208545324,0.695570147632782,0.870485675173532,TRUE,0.796961208545324,0.695570147632782,0.870485675173532,16000
"0",95.5454545454546,0.818260258296815,0.722071115665506,0.886118257472628,TRUE,0.818260258296815,0.722071115665506,0.886118257472628,16000
"0",98.3636363636364,0.838042280842462,0.747449264263947,0.900393825067926,TRUE,0.838042280842462,0.747449264263947,0.900393825067926,16000
"0",101.181818181818,0.856311337148036,0.771038899746183,0.913383633356812,TRUE,0.856311337148037,0.771038899746183,0.913383633356812,16000
"0",104,0.873234645467784,0.794524626722179,0.925277401207324,TRUE,0.873234645467784,0.794524626722179,0.925277401207324,16000
"0",106.818181818182,0.888643106959891,0.815830073297096,0.93588329345848,TRUE,0.888643106959891,0.815830073297096,0.93588329345848,16000
"0",109.636363636364,0.902697491426013,0.83568967634528,0.945246241072767,TRUE,0.902697491426013,0.83568967634528,0.945246241072767,16000
"0",112.454545454545,0.915501712658329,0.854191843808839,0.953547172945927,TRUE,0.915501712658329,0.854191843808839,0.953547172945927,16000
"0",115.272727272727,0.927013329055797,0.871012823008044,0.960944667205857,TRUE,0.927013329055797,0.871012823008044,0.960944667205857,16000
"0",118.090909090909,0.937298717071024,0.886702187473887,0.96727923129267,TRUE,0.937298717071024,0.886702187473887,0.96727923129267,16000
"0",120.909090909091,0.946404031179395,0.900735992764496,0.972844874390674,TRUE,0.946404031179395,0.900735992764496,0.972844874390674,16000
"0",123.727272727273,0.954440662552391,0.913393366006098,0.977598768144809,TRUE,0.954440662552391,0.913393366006098,0.977598768144809,16000
"0",126.545454545455,0.961433370122749,0.924918306200299,0.981698468521983,TRUE,0.961433370122749,0.924918306200299,0.981698468521982,16000
"0",129.363636363636,0.967613489939961,0.93518799302051,0.985183273705932,TRUE,0.967613489939961,0.93518799302051,0.985183273705932,16000
"0",132.181818181818,0.97293219808018,0.944346499229156,0.988094298415921,TRUE,0.97293219808018,0.944346499229156,0.988094298415921,16000
"0",135,0.977474317396039,0.952238543346111,0.990509481580268,TRUE,0.977474317396039,0.952238543346111,0.990509481580268,16000
"0",137.818181818182,0.981392684195074,0.959228163513799,0.992527952250206,TRUE,0.981392684195074,0.959228163513799,0.992527952250205,16000
"0",140.636363636364,0.984716684100618,0.965425678455969,0.994145757627143,TRUE,0.984716684100618,0.965425678455969,0.994145757627143,16000
"0",143.454545454545,0.987515256881157,0.970637568195965,0.995453345811705,TRUE,0.987515256881157,0.970637568195965,0.995453345811705,16000
"0",146.272727272727,0.989849579443359,0.975240416331356,0.99651772555316,TRUE,0.989849579443359,0.975240416331356,0.99651772555316,16000
"0",149.090909090909,0.991803223686976,0.979186365836588,0.997336104016925,TRUE,0.991803223686976,0.979186365836588,0.997336104016925,16000
"0",151.909090909091,0.993426018313197,0.982592565288777,0.997990076182259,TRUE,0.993426018313197,0.982592565288777,0.997990076182259,16000
"0",154.727272727273,0.994746192987378,0.985475832514365,0.998502326789982,TRUE,0.994746192987378,0.985475832514365,0.998502326789982,16000
"0",157.545454545455,0.995836798826173,0.987878854761893,0.998893517412611,TRUE,0.995836798826173,0.987878854761893,0.998893517412611,16000
"0",160.363636363636,0.996717723879216,0.989996198553246,0.999186634567279,TRUE,0.996717723879216,0.989996198553246,0.999186634567279,16000
"0",163.181818181818,0.997423630855098,0.991706534520093,0.99940932859998,TRUE,0.997423630855098,0.991706534520093,0.99940932859998,16000
"0",166,0.997991677676222,0.993185247094096,0.999574315086319,TRUE,0.997991677676222,0.993185247094096,0.999574315086319,16000
"0",168.818181818182,0.99844307971134,0.994379618683966,0.99969805520312,TRUE,0.99844307971134,0.994379618683966,0.99969805520312,16000
"0",171.636363636364,0.998798469386085,0.995398451110679,0.999789747187541,TRUE,0.998798469386085,0.995398451110679,0.999789747187541,16000
"0",174.454545454545,0.999080473860154,0.996239941216546,0.99985401294144,TRUE,0.999080473860154,0.996239941216546,0.99985401294144,16000
"0",177.272727272727,0.99930175822632,0.996941411028763,0.999899136962895,TRUE,0.99930175822632,0.996941411028763,0.999899136962895,16000
"0",180.090909090909,0.999472339186348,0.997510077781754,0.999931239186196,TRUE,0.999472339186348,0.997510077781754,0.999931239186196,16000
"0",182.909090909091,0.999603702462216,0.997977130344818,0.999953400137715,TRUE,0.999603702462216,0.997977130344818,0.999953400137715,16000
"0",185.727272727273,0.999703358580221,0.998380452059581,0.999969029783742,TRUE,0.999703358580221,0.998380452059581,0.999969029783742,16000
"0",188.545454545455,0.999779560568506,0.998687200143966,0.999979801720787,TRUE,0.999779560568506,0.998687200143966,0.999979801720787,16000
"0",191.363636363636,0.999837419879651,0.998947975267381,0.999986946150651,TRUE,0.999837419879651,0.998947975267381,0.999986946150651,16000
"0",194.181818181818,0.999880863266805,0.999159471256703,0.999991618708251,TRUE,0.999880863266805,0.999159471256703,0.999991618708251,16000
"0",197,0.999913008657249,0.99932809757607,0.999994621420192,TRUE,0.999913008657249,0.99932809757607,0.999994621420192,16000
"1-2",-82,0.535220593959808,0.347781458065571,0.712353700677803,TRUE,0.535220593959808,0.347781458065571,0.712353700677803,16000
"1-2",-79.1818181818182,0.553688863638204,0.368639102864209,0.724501060128323,TRUE,0.553688863638204,0.368639102864209,0.724501060128323,16000
"1-2",-76.3636363636364,0.572318586234825,0.390663671043469,0.736314634493353,TRUE,0.572318586234825,0.390663671043469,0.736314634493353,16000
"1-2",-73.5454545454545,0.590863039451088,0.412529198647554,0.748385550952802,TRUE,0.590863039451088,0.412529198647554,0.748385550952802,16000
"1-2",-70.7272727272727,0.609675195049269,0.435167239464798,0.759976326891391,TRUE,0.609675195049269,0.435167239464798,0.759976326891391,16000
"1-2",-67.9090909090909,0.62819555068706,0.456901308689079,0.772716978056734,TRUE,0.62819555068706,0.456901308689079,0.772716978056734,16000
"1-2",-65.0909090909091,0.64639374933911,0.479184506479355,0.78440316285145,TRUE,0.64639374933911,0.479184506479355,0.78440316285145,16000
"1-2",-62.2727272727273,0.664637699107007,0.501160656787108,0.795825657572521,TRUE,0.664637699107007,0.501160656787108,0.79582565757252,16000
"1-2",-59.4545454545455,0.682271729685445,0.523463932928886,0.807076258761895,TRUE,0.682271729685445,0.523463932928886,0.807076258761895,16000
"1-2",-56.6363636363636,0.700006718277778,0.546237586299183,0.818088777466731,TRUE,0.700006718277778,0.546237586299183,0.818088777466731,16000
"1-2",-53.8181818181818,0.71696197513314,0.568650748395558,0.829034570550707,TRUE,0.716961975133141,0.568650748395558,0.829034570550707,16000
"1-2",-51,0.73375804753249,0.59001971685995,0.839199680772532,TRUE,0.73375804753249,0.59001971685995,0.839199680772532,16000
"1-2",-48.1818181818182,0.749841103649241,0.612058758321253,0.848803276284977,TRUE,0.749841103649241,0.612058758321253,0.848803276284977,16000
"1-2",-45.3636363636364,0.765621177146519,0.63342683204283,0.858247880843185,TRUE,0.765621177146519,0.63342683204283,0.858247880843185,16000
"1-2",-42.5454545454545,0.780715654774867,0.654678706075805,0.866704299615245,TRUE,0.780715654774867,0.654678706075806,0.866704299615245,16000
"1-2",-39.7272727272727,0.795175979919721,0.675155818176298,0.874412250684901,TRUE,0.795175979919721,0.675155818176298,0.874412250684901,16000
"1-2",-36.9090909090909,0.80892057815098,0.694730658590282,0.88144820471771,TRUE,0.80892057815098,0.694730658590282,0.88144820471771,16000
"1-2",-34.0909090909091,0.82184097256742,0.713994037664463,0.887671035340015,TRUE,0.82184097256742,0.713994037664463,0.887671035340015,16000
"1-2",-31.2727272727273,0.833878702334032,0.732518605457003,0.892906564412203,TRUE,0.833878702334032,0.732518605457003,0.892906564412203,16000
"1-2",-28.4545454545455,0.844990413661715,0.750865359545392,0.897226370845946,TRUE,0.844990413661715,0.750865359545392,0.897226370845946,16000
"1-2",-25.6363636363636,0.855190755828617,0.767899436339252,0.900816440770216,TRUE,0.855190755828617,0.767899436339252,0.900816440770216,16000
"1-2",-22.8181818181818,0.864359328259024,0.783920867606229,0.903665678023183,TRUE,0.864359328259024,0.783920867606229,0.903665678023183,16000
"1-2",-20,0.872423640423237,0.798959664938938,0.905408182697796,TRUE,0.872423640423237,0.798959664938938,0.905408182697796,16000
"1-2",-17.1818181818182,0.879315731769025,0.813180140578377,0.906744136841679,TRUE,0.879315731769026,0.813180140578377,0.906744136841679,16000
"1-2",-14.3636363636364,0.885009568091296,0.826117799046898,0.907493854576147,TRUE,0.885009568091296,0.826117799046898,0.907493854576147,16000
"1-2",-11.5454545454545,0.889251096419476,0.838328151855056,0.907665456548114,TRUE,0.889251096419476,0.838328151855056,0.907665456548114,16000
"1-2",-8.72727272727272,0.891823600226346,0.849016073363038,0.907385349718043,TRUE,0.891823600226346,0.849016073363038,0.907385349718043,16000
"1-2",-5.90909090909091,0.892997507857491,0.858237296613588,0.906784209772212,TRUE,0.892997507857491,0.858237296613588,0.906784209772212,16000
"1-2",-3.09090909090909,0.893030968960493,0.865132835513814,0.905760239642605,TRUE,0.893030968960493,0.865132835513814,0.905760239642605,16000
"1-2",-0.272727272727266,0.89209314543398,0.867562865157804,0.904574834205698,TRUE,0.89209314543398,0.867562865157804,0.904574834205698,16000
"1-2",2.54545454545455,0.89044624722055,0.863382612011764,0.903060188099527,TRUE,0.89044624722055,0.863382612011764,0.903060188099527,16000
"1-2",5.36363636363637,0.887685582391535,0.854802047763263,0.901551244182246,TRUE,0.887685582391535,0.854802047763263,0.901551244182246,16000
"1-2",8.18181818181819,0.883562940054111,0.842938121600869,0.899363705066341,TRUE,0.883562940054111,0.842938121600869,0.899363705066341,16000
"1-2",11,0.87755755033666,0.828969312419998,0.896985511055704,TRUE,0.87755755033666,0.828969312419998,0.896985511055704,16000
"1-2",13.8181818181818,0.869480094289962,0.813358528618025,0.893975486328654,TRUE,0.869480094289962,0.813358528618025,0.893975486328654,16000
"1-2",16.6363636363636,0.859700043569552,0.796467054489791,0.890697493031157,TRUE,0.859700043569552,0.796467054489791,0.890697493031157,16000
"1-2",19.4545454545455,0.848086778907424,0.778341806678493,0.886305378451123,TRUE,0.848086778907424,0.778341806678493,0.886305378451123,16000
"1-2",22.2727272727273,0.834902072295706,0.758572708559962,0.881008504474608,TRUE,0.834902072295706,0.758572708559962,0.881008504474608,16000
"1-2",25.0909090909091,0.820038253764167,0.737468298778234,0.874059817869116,TRUE,0.820038253764167,0.737468298778234,0.874059817869116,16000
"1-2",27.9090909090909,0.803642677466759,0.714861025792454,0.865403776234335,TRUE,0.803642677466759,0.714861025792454,0.865403776234335,16000
"1-2",30.7272727272727,0.785358783446906,0.69060270516653,0.854977949673926,TRUE,0.785358783446906,0.690602705166531,0.854977949673926,16000
"1-2",33.5454545454545,0.765663926300544,0.665603922730948,0.842530091041447,TRUE,0.765663926300544,0.665603922730948,0.842530091041447,16000
"1-2",36.3636363636364,0.744502665639702,0.639446375279552,0.828591423818377,TRUE,0.744502665639702,0.639446375279552,0.828591423818377,16000
"1-2",39.1818181818182,0.721812192913838,0.612538910219718,0.81273686524939,TRUE,0.721812192913838,0.612538910219718,0.81273686524939,16000
"1-2",42,0.697739735022262,0.584761002885639,0.795376491785171,TRUE,0.697739735022262,0.584761002885639,0.795376491785171,16000
"1-2",44.8181818181818,0.672549288806903,0.556703128608616,0.776130224059935,TRUE,0.672549288806903,0.556703128608616,0.776130224059935,16000
"1-2",47.6363636363637,0.646132246903736,0.528201052475259,0.755263873782932,TRUE,0.646132246903736,0.528201052475259,0.755263873782932,16000
"1-2",50.4545454545455,0.618690557818955,0.499649897311382,0.732893117329391,TRUE,0.618690557818955,0.499649897311382,0.732893117329391,16000
"1-2",53.2727272727273,0.590421782161596,0.47009737050505,0.709131467001988,TRUE,0.590421782161596,0.47009737050505,0.709131467001988,16000
"1-2",56.0909090909091,0.561614058451428,0.440826479740714,0.683639577533646,TRUE,0.561614058451428,0.440826479740714,0.683639577533646,16000
"1-2",58.9090909090909,0.532165549990714,0.411809180327103,0.657353241434173,TRUE,0.532165549990714,0.411809180327103,0.657353241434173,16000
"1-2",61.7272727272727,0.502431599695611,0.383432832339616,0.629942943523212,TRUE,0.502431599695611,0.383432832339616,0.629942943523212,16000
"1-2",64.5454545454546,0.472549928057882,0.355300425604176,0.601251915373049,TRUE,0.472549928057882,0.355300425604176,0.601251915373049,16000
"1-2",67.3636363636364,0.44275809883886,0.327908558261928,0.571999877036852,TRUE,0.44275809883886,0.327908558261928,0.571999877036852,16000
"1-2",70.1818181818182,0.413339446636361,0.301460441991907,0.542066669477312,TRUE,0.413339446636361,0.301460441991907,0.542066669477312,16000
"1-2",73,0.384111721158605,0.275897788847725,0.511676229612479,TRUE,0.384111721158605,0.275897788847725,0.511676229612479,16000
"1-2",75.8181818181818,0.355431937422209,0.251428634884267,0.481049102898411,TRUE,0.355431937422209,0.251428634884267,0.481049102898411,16000
"1-2",78.6363636363637,0.327361170468528,0.228058936270112,0.450082092762803,TRUE,0.327361170468528,0.228058936270112,0.450082092762803,16000
"1-2",81.4545454545455,0.300210909725271,0.205861928961658,0.419693313725368,TRUE,0.300210909725271,0.205861928961658,0.419693313725368,16000
"1-2",84.2727272727273,0.274098401362662,0.184851261469108,0.389759126408185,TRUE,0.274098401362662,0.184851261469108,0.389759126408185,16000
"1-2",87.0909090909091,0.249087271559325,0.165150677676697,0.360491459746879,TRUE,0.249087271559325,0.165150677676697,0.360491459746879,16000
"1-2",89.9090909090909,0.225407576824616,0.146624751082326,0.331843746291357,TRUE,0.225407576824616,0.146624751082326,0.331843746291357,16000
"1-2",92.7272727272727,0.202947450039545,0.129499064070022,0.304083649558929,TRUE,0.202947450039545,0.129499064070022,0.304083649558929,16000
"1-2",95.5454545454546,0.181644754715207,0.113862256924674,0.277698898350571,TRUE,0.181644754715207,0.113862256924674,0.277698898350571,16000
"1-2",98.3636363636364,0.161867881103217,0.099580841925071,0.252398833102643,TRUE,0.161867881103217,0.099580841925071,0.252398833102643,16000
"1-2",101.181818181818,0.143647258509425,0.0865984991903007,0.22878619346187,TRUE,0.143647258509425,0.0865984991903007,0.228786193461871,16000
"1-2",104,0.126730457539327,0.0747171848699302,0.205362298938016,TRUE,0.126730457539327,0.0747171848699302,0.205362298938017,16000
"1-2",106.818181818182,0.111321678245587,0.0641139898651102,0.184061474085455,TRUE,0.111321678245587,0.0641139898651102,0.184061474085455,16000
"1-2",109.636363636364,0.0972782073067361,0.0547512183447735,0.164190074892104,TRUE,0.0972782073067361,0.0547512183447735,0.164190074892104,16000
"1-2",112.454545454545,0.0844846087441976,0.0464436667122456,0.145754426365873,TRUE,0.0844846087441976,0.0464436667122456,0.145754426365873,16000
"1-2",115.272727272727,0.0729814826119602,0.0390537585477534,0.128944450968128,TRUE,0.0729814826119602,0.0390537585477534,0.128944450968128,16000
"1-2",118.090909090909,0.0626893714233425,0.0327193241542046,0.113243852096554,TRUE,0.0626893714233425,0.0327193241542046,0.113243852096555,16000
"1-2",120.909090909091,0.0535899311947947,0.0271542754009605,0.0992354767317708,TRUE,0.0535899311947947,0.0271542754009605,0.0992354767317708,16000
"1-2",123.727272727273,0.0455520059200906,0.0224008495805641,0.0865823779203125,TRUE,0.0455520059200906,0.0224008495805641,0.0865823779203125,16000
"1-2",126.545454545455,0.0385628718553632,0.0183012327685306,0.0750733036175584,TRUE,0.0385628718553632,0.0183012327685306,0.0750733036175584,16000
"1-2",129.363636363636,0.0323835344884186,0.0148166260353332,0.0648023869363385,TRUE,0.0323835344884186,0.0148166260353332,0.0648023869363385,16000
"1-2",132.181818181818,0.0270648612134102,0.0119056103375256,0.0556503082295385,TRUE,0.0270648612134102,0.0119056103375256,0.0556503082295385,16000
"1-2",135,0.0225234722079486,0.00949035697382062,0.0477493875852324,TRUE,0.0225234722079486,0.00949035697382062,0.0477493875852324,16000
"1-2",137.818181818182,0.0186062985679963,0.00747202588743252,0.0407615496755329,TRUE,0.0186062985679963,0.00747202588743252,0.0407615496755329,16000
"1-2",140.636363636364,0.0152829066220272,0.00585420705963551,0.0345691478529399,TRUE,0.0152829066220272,0.00585420705963551,0.0345691478529399,16000
"1-2",143.454545454545,0.012483992920064,0.00454662123189156,0.0293584122616897,TRUE,0.012483992920064,0.00454662123189156,0.0293584122616897,16000
"1-2",146.272727272727,0.0101501239556786,0.00348225092392981,0.0247564646728383,TRUE,0.0101501239556786,0.00348225092392981,0.0247564646728383,16000
"1-2",149.090909090909,0.0081965789472293,0.0026638912161794,0.0208123416695856,TRUE,0.0081965789472293,0.0026638912161794,0.0208123416695856,16000
"1-2",151.909090909091,0.00657380334626589,0.00200991520758688,0.0174039359354071,TRUE,0.00657380334626589,0.00200991520758688,0.0174039359354071,16000
"1-2",154.727272727273,0.00525372588793704,0.00149766747079956,0.0145231316143524,TRUE,0.00525372588793704,0.00149766747079956,0.0145231316143524,16000
"1-2",157.545454545455,0.00416314273156848,0.00110648251195358,0.0121197177572363,TRUE,0.00416314273156848,0.00110648251195358,0.0121197177572363,16000
"1-2",160.363636363636,0.00328197990793727,0.000813365157629861,0.010002936703705,TRUE,0.00328197990793727,0.000813365157629861,0.010002936703705,16000
"1-2",163.181818181818,0.00257623525715789,0.000590670668746682,0.0082924203618267,TRUE,0.00257623525715789,0.000590670668746682,0.00829242036182671,16000
"1-2",166,0.00200829748865317,0.000425684724526793,0.00681455445834623,TRUE,0.00200829748865317,0.000425684724526793,0.00681455445834624,16000
"1-2",168.818181818182,0.00155688793750136,0.00030194467315294,0.00561977548067054,TRUE,0.00155688793750136,0.00030194467315294,0.00561977548067054,16000
"1-2",171.636363636364,0.00120150911710931,0.000210252786706894,0.00460129508513976,TRUE,0.00120150911710931,0.000210252786706894,0.00460129508513976,16000
"1-2",174.454545454545,0.000919519166018068,0.00014598697573831,0.00375989864610753,TRUE,0.000919519166018068,0.00014598697573831,0.00375989864610753,16000
"1-2",177.272727272727,0.000698237594972118,0.000100863011012325,0.00305835634044504,TRUE,0.000698237594972118,0.000100863011012325,0.00305835634044504,16000
"1-2",180.090909090909,0.000527655093715051,6.8760652085459e-05,0.00248971782913535,TRUE,0.000527655093715051,6.8760652085459e-05,0.00248971782913535,16000
"1-2",182.909090909091,0.000396294230967931,4.65998577284021e-05,0.00202274478554086,TRUE,0.000396294230967931,4.65998577284021e-05,0.00202274478554086,16000
"1-2",185.727272727273,0.000296640140274529,3.0970215261536e-05,0.00161936143936473,TRUE,0.000296640140274529,3.0970215261536e-05,0.00161936143936474,16000
"1-2",188.545454545455,0.000220438253706601,2.0198278579997e-05,0.0013126575115196,TRUE,0.000220438253706601,2.0198278579997e-05,0.0013126575115196,16000
"1-2",191.363636363636,0.000162579757073622,1.30538490007659e-05,0.00105202044351148,TRUE,0.000162579757073622,1.30538490007659e-05,0.00105202044351148,16000
"1-2",194.181818181818,0.000119136547119481,8.38129025531043e-06,0.000840521812420947,TRUE,0.000119136547119481,8.38129025531043e-06,0.000840521812420947,16000
"1-2",197,8.69911623759823e-05,5.37857953364085e-06,0.000671898215854704,TRUE,8.69911623759823e-05,5.37857953364085e-06,0.000671898215854706,16000
"3",-82,0.464477827202441,0.286834935143098,0.652181205191799,TRUE,0.464477827202441,0.286834935143098,0.652181205191798,16000
"3",-79.1818181818182,0.445984992150619,0.274370445974489,0.631280224773391,TRUE,0.445984992150619,0.274370445974489,0.631280224773391,16000
"3",-76.3636363636364,0.427233652871009,0.261787956569081,0.609191160397443,TRUE,0.427233652871009,0.261787956569081,0.609191160397443,16000
"3",-73.5454545454545,0.408608889547552,0.249405227698042,0.587403464930697,TRUE,0.408608889547552,0.249405227698042,0.587403464930697,16000
"3",-70.7272727272727,0.389751252064791,0.237885444767556,0.564707081741069,TRUE,0.389751252064791,0.237885444767556,0.564707081741069,16000
"3",-67.9090909090909,0.371059518197312,0.22509519123545,0.542980873006318,TRUE,0.371059518197312,0.22509519123545,0.542980873006318,16000
"3",-65.0909090909091,0.352662742312307,0.212720507881793,0.520507689376299,TRUE,0.352662742312307,0.212720507881793,0.520507689376299,16000
"3",-62.2727272727273,0.334149295107205,0.200731738603011,0.498643251390082,TRUE,0.334149295107205,0.200731738603011,0.498643251390082,16000
"3",-59.4545454545455,0.316273814106329,0.18873207341376,0.476112049980898,TRUE,0.316273814106329,0.18873207341376,0.476112049980898,16000
"3",-56.6363636363636,0.298369330489437,0.177077351393954,0.453180055489129,TRUE,0.298369330489437,0.177077351393954,0.453180055489129,16000
"3",-53.8181818181818,0.280990783337723,0.165636870159236,0.430616854837549,TRUE,0.280990783337723,0.165636870159236,0.430616854837549,16000
"3",-51,0.26378223576946,0.154262729401433,0.409288730946593,TRUE,0.26378223576946,0.154262729401433,0.409288730946593,16000
"3",-48.1818181818182,0.247000634648285,0.143245690899185,0.386928061994527,TRUE,0.247000634648285,0.143245690899185,0.386928061994527,16000
"3",-45.3636363636364,0.230747505904429,0.132495029613412,0.365274631207681,TRUE,0.230747505904429,0.132495029613412,0.365274631207681,16000
"3",-42.5454545454545,0.21478367410292,0.12237925163839,0.343864833555815,TRUE,0.21478367410292,0.12237925163839,0.343864833555815,16000
"3",-39.7272727272727,0.199530152565845,0.11257429558419,0.322695928700124,TRUE,0.199530152565845,0.11257429558419,0.322695928700124,16000
"3",-36.9090909090909,0.184850909024533,0.10341200266882,0.302835816104918,TRUE,0.184850909024533,0.10341200266882,0.302835816104918,16000
"3",-34.0909090909091,0.170616452803442,0.0949562730344781,0.28304283873271,TRUE,0.170616452803442,0.0949562730344781,0.28304283873271,16000
"3",-31.2727272727273,0.157020609738058,0.086454455214244,0.263863664311628,TRUE,0.157020609738058,0.086454455214244,0.263863664311628,16000
"3",-28.4545454545455,0.144005816504166,0.0785213915953533,0.245047080155091,TRUE,0.144005816504166,0.0785213915953533,0.245047080155091,16000
"3",-25.6363636363636,0.131672934886918,0.0712347520105397,0.226955133610802,TRUE,0.131672934886918,0.0712347520105397,0.226955133610802,16000
"3",-22.8181818181818,0.120150059517263,0.0644383798142994,0.210252846573318,TRUE,0.120150059517263,0.0644383798142994,0.210252846573318,16000
"3",-20,0.109210477410756,0.057822394827905,0.194202580162927,TRUE,0.109210477410756,0.057822394827905,0.194202580162927,16000
"3",-17.1818181818182,0.0990252998002765,0.0517626400871641,0.178344100657853,TRUE,0.0990252998002765,0.0517626400871641,0.178344100657853,16000
"3",-14.3636363636364,0.0893927110979963,0.0460194946129186,0.163112211142218,TRUE,0.0893927110979963,0.0460194946129186,0.163112211142218,16000
"3",-11.5454545454545,0.0804520991880144,0.0407759294852093,0.148943911215536,TRUE,0.0804520991880144,0.0407759294852093,0.148943911215536,16000
"3",-8.72727272727272,0.0721702574788537,0.0360659998067797,0.135812411380373,TRUE,0.0721702574788537,0.0360659998067797,0.135812411380373,16000
"3",-5.90909090909091,0.064530804934119,0.0317805301154862,0.123328443084244,TRUE,0.064530804934119,0.0317805301154862,0.123328443084244,16000
"3",-3.09090909090909,0.057504602936303,0.027957211488306,0.111598359637949,TRUE,0.057504602936303,0.027957211488306,0.111598359637949,16000
"3",-0.272727272727266,0.0509862024553859,0.0244634249945825,0.10059809893135,TRUE,0.0509862024553859,0.0244634249945825,0.10059809893135,16000
"3",2.54545454545455,0.0450798102125889,0.021395278557457,0.0904338126805724,TRUE,0.0450798102125889,0.021395278557457,0.0904338126805724,16000
"3",5.36363636363637,0.0397015114200867,0.0186142118451324,0.0806483303716033,TRUE,0.0397015114200867,0.0186142118451324,0.0806483303716034,16000
"3",8.18181818181819,0.0348415219271024,0.0160878277311557,0.0720716061283938,TRUE,0.0348415219271024,0.0160878277311557,0.0720716061283938,16000
"3",11,0.0304750760716376,0.0138298847377623,0.0639805938818959,TRUE,0.0304750760716376,0.0138298847377623,0.0639805938818959,16000
"3",13.8181818181818,0.0265249390362967,0.0118351055291152,0.0567218783164073,TRUE,0.0265249390362967,0.0118351055291152,0.0567218783164073,16000
"3",16.6363636363636,0.0229715029246171,0.0101105799369632,0.049970434486314,TRUE,0.0229715029246171,0.0101105799369632,0.049970434486314,16000
"3",19.4545454545455,0.0198368408079303,0.00858399045784261,0.0439088449938324,TRUE,0.0198368408079303,0.00858399045784261,0.0439088449938324,16000
"3",22.2727272727273,0.0170655146205169,0.00725155103269289,0.0383920861903382,TRUE,0.0170655146205169,0.00725155103269289,0.0383920861903382,16000
"3",25.0909090909091,0.0146251781426021,0.00610907859565781,0.0334482391473976,TRUE,0.0146251781426021,0.00610907859565781,0.0334482391473976,16000
"3",27.9090909090909,0.0124610943919991,0.0051219136468524,0.0290576132481929,TRUE,0.0124610943919991,0.0051219136468524,0.0290576132481929,16000
"3",30.7272727272727,0.0105814391979835,0.00426485949133834,0.0251880753734619,TRUE,0.0105814391979835,0.00426485949133834,0.0251880753734619,16000
"3",33.5454545454545,0.0089560758337025,0.00352669578389452,0.0216855015441347,TRUE,0.0089560758337025,0.00352669578389452,0.0216855015441348,16000
"3",36.3636363636364,0.00753896344256155,0.00291642438694732,0.0186502126432362,TRUE,0.00753896344256155,0.00291642438694732,0.0186502126432362,16000
"3",39.1818181818182,0.00632597385338152,0.00239687112027409,0.0159629081752345,TRUE,0.00632597385338152,0.00239687112027409,0.0159629081752345,16000
"3",42,0.00528419937244523,0.00195047679634874,0.0136185661907576,TRUE,0.00528419937244523,0.00195047679634874,0.0136185661907576,16000
"3",44.8181818181818,0.00439383944238181,0.00158258210084137,0.0115685407005505,TRUE,0.00439383944238181,0.00158258210084137,0.0115685407005505,16000
"3",47.6363636363637,0.00363673294570271,0.00127552723622736,0.00981380926268984,TRUE,0.00363673294570271,0.00127552723622736,0.00981380926268985,16000
"3",50.4545454545455,0.002994984359518,0.00102334882884333,0.0082775204125481,TRUE,0.00299498435951801,0.00102334882884333,0.00827752041254811,16000
"3",53.2727272727273,0.00245491704234335,0.000813517200192324,0.00696022995106222,TRUE,0.00245491704234335,0.000813517200192324,0.00696022995106222,16000
"3",56.0909090909091,0.0020059022864638,0.000644956346099138,0.00582971472107706,TRUE,0.0020059022864638,0.000644956346099138,0.00582971472107706,16000
"3",58.9090909090909,0.00162767029903899,0.000509235476868467,0.00484948214823979,TRUE,0.00162767029903899,0.000509235476868467,0.00484948214823979,16000
"3",61.7272727272727,0.00131430049013503,0.00039955780708843,0.00401974454645045,TRUE,0.00131430049013503,0.00039955780708843,0.00401974454645045,16000
"3",64.5454545454546,0.00105914687577913,0.000310729275917537,0.00331494859563752,TRUE,0.00105914687577913,0.000310729275917537,0.00331494859563752,16000
"3",67.3636363636364,0.000850379297450243,0.000240739521894104,0.00273637730789766,TRUE,0.000850379297450243,0.000240739521894104,0.00273637730789766,16000
"3",70.1818181818182,0.000677715641783649,0.000185505257055843,0.00224406774561564,TRUE,0.00067771564178365,0.000185505257055843,0.00224406774561564,16000
"3",73,0.000537351138386655,0.00014169203746042,0.00183841269811382,TRUE,0.000537351138386655,0.00014169203746042,0.00183841269811382,16000
"3",75.8181818181818,0.000424516589771218,0.000107081569036224,0.00149594222442173,TRUE,0.000424516589771218,0.000107081569036224,0.00149594222442173,16000
"3",78.6363636363637,0.000333867385251707,7.99298008167887e-05,0.00121237959117022,TRUE,0.000333867385251707,7.99298008167887e-05,0.00121237959117022,16000
"3",81.4545454545455,0.000261597499781496,5.94189053823691e-05,0.000980436865466569,TRUE,0.000261597499781496,5.94189053823691e-05,0.000980436865466569,16000
"3",84.2727272727273,0.000203659038486736,4.39564230026973e-05,0.000795960149066832,TRUE,0.000203659038486737,4.39564230026973e-05,0.000795960149066832,16000
"3",87.0909090909091,0.00015767622626256,3.24019187320196e-05,0.000641055446671659,TRUE,0.00015767622626256,3.24019187320196e-05,0.00064105544667166,16000
"3",89.9090909090909,0.000121469626504722,2.36688632808041e-05,0.000513544240942298,TRUE,0.000121469626504722,2.36688632808041e-05,0.000513544240942299,16000
"3",92.7272727272727,9.33062118944616e-05,1.7051763557524e-05,0.000411636635610829,TRUE,9.33062118944616e-05,1.7051763557524e-05,0.000411636635610829,16000
"3",95.5454545454546,7.11262371825838e-05,1.21996401528518e-05,0.000328789515668179,TRUE,7.11262371825838e-05,1.21996401528518e-05,0.000328789515668179,16000
"3",98.3636363636364,5.40943530422666e-05,8.67857737087419e-06,0.000261225449348082,TRUE,5.40943530422666e-05,8.67857737087419e-06,0.000261225449348082,16000
"3",101.181818181818,4.09214561504223e-05,6.14513608164502e-06,0.000207150937102188,TRUE,4.09214561504223e-05,6.14513608164502e-06,0.000207150937102188,16000
"3",104,3.07342216176454e-05,4.29179258388257e-06,0.000163817027290256,TRUE,3.07342216176454e-05,4.29179258388257e-06,0.000163817027290256,16000
"3",106.818181818182,2.3023128376598e-05,2.96873480803706e-06,0.000128776897731506,TRUE,2.3023128376598e-05,2.96873480803706e-06,0.000128776897731506,16000
"3",109.636363636364,1.71456156059513e-05,2.04571319233349e-06,0.000101161071718708,TRUE,1.71456156059513e-05,2.04571319233349e-06,0.000101161071718708,16000
"3",112.454545454545,1.26632702203699e-05,1.38946442443111e-06,7.95143614139793e-05,TRUE,1.26632702203699e-05,1.38946442443111e-06,7.95143614139793e-05,16000
"3",115.272727272727,9.35140999708262e-06,9.37858764513134e-07,6.19602471363417e-05,TRUE,9.35140999708262e-06,9.37858764513134e-07,6.19602471363418e-05,16000
"3",118.090909090909,6.85634653591061e-06,6.23622439355209e-07,4.81639966955299e-05,TRUE,6.85634653591061e-06,6.23622439355209e-07,4.816399669553e-05,16000
"3",120.909090909091,4.99309981732976e-06,4.11200643066212e-07,3.76834834484863e-05,TRUE,4.99309981732976e-06,4.11200643066212e-07,3.76834834484863e-05,16000
"3",123.727272727273,3.61807472826214e-06,2.66986282376758e-07,2.92993532009761e-05,TRUE,3.61807472826214e-06,2.66986282376758e-07,2.92993532009761e-05,16000
"3",126.545454545455,2.60351644620904e-06,1.7176993907797e-07,2.29616896504414e-05,TRUE,2.60351644620904e-06,1.7176993907797e-07,2.29616896504414e-05,16000
"3",129.363636363636,1.86932404988571e-06,1.09921628990706e-07,1.76954216114189e-05,TRUE,1.86932404988571e-06,1.09921628990706e-07,1.76954216114189e-05,16000
"3",132.181818181818,1.33610127395212e-06,6.99681790811147e-08,1.35729144658425e-05,TRUE,1.33610127395212e-06,6.99681790811147e-08,1.35729144658425e-05,16000
"3",135,9.49573745301358e-07,4.38711563355288e-08,1.04836927987101e-05,TRUE,9.49573745301358e-07,4.38711563355288e-08,1.04836927987101e-05,16000
"3",137.818181818182,6.7075714349496e-07,2.73405120765347e-08,8.11483434526305e-06,TRUE,6.7075714349496e-07,2.73405120765347e-08,8.11483434526306e-06,16000
"3",140.636363636364,4.70906843130781e-07,1.66122301886729e-08,6.19653311169088e-06,TRUE,4.70906843130781e-07,1.66122301886729e-08,6.19653311169089e-06,16000
"3",143.454545454545,3.29027706358342e-07,1.01382826522833e-08,4.73367929652579e-06,TRUE,3.29027706358342e-07,1.01382826522833e-08,4.7336792965258e-06,16000
"3",146.272727272727,2.28754423181599e-07,6.1458249711599e-09,3.65569727197312e-06,TRUE,2.28754423181599e-07,6.1458249711599e-09,3.65569727197313e-06,16000
"3",149.090909090909,1.57696799008011e-07,3.65670797530804e-09,2.81599909379704e-06,TRUE,1.57696799008011e-07,3.65670797530804e-09,2.81599909379704e-06,16000
"3",151.909090909091,1.08492928307946e-07,2.16892814541847e-09,2.17379592541422e-06,TRUE,1.08492928307946e-07,2.16892814541847e-09,2.17379592541423e-06,16000
"3",154.727272727273,7.41547886984328e-08,1.26135312472631e-09,1.67522138811993e-06,TRUE,7.41547886984328e-08,1.26135312472631e-09,1.67522138811993e-06,16000
"3",157.545454545455,5.04694552816431e-08,7.25699308978811e-10,1.27272258773903e-06,TRUE,5.04694552816432e-08,7.25699308978811e-10,1.27272258773903e-06,16000
"3",160.363636363636,3.41955500582358e-08,4.15036932599477e-10,9.6316810071495e-07,TRUE,3.41955500582358e-08,4.15036932599477e-10,9.63168100714951e-07,16000
"3",163.181818181818,2.28938782376176e-08,2.34296873569129e-10,7.25309739554869e-07,TRUE,2.28938782376176e-08,2.34296873569129e-10,7.25309739554869e-07,16000
"3",166,1.53536922620212e-08,1.30075503146365e-10,5.50597811865838e-07,TRUE,1.53536922620212e-08,1.30075503146365e-10,5.50597811865839e-07,16000
"3",168.818181818182,1.02289794412513e-08,7.22371801264999e-11,4.20207229082092e-07,TRUE,1.02289794412513e-08,7.22371801264999e-11,4.20207229082092e-07,16000
"3",171.636363636364,6.78515382768197e-09,3.94594357189249e-11,3.16863831645309e-07,TRUE,6.78515382768197e-09,3.94594357189249e-11,3.16863831645309e-07,16000
"3",174.454545454545,4.47488340826752e-09,2.13336431853506e-11,2.4057138843514e-07,TRUE,4.47488340826752e-09,2.13336431853506e-11,2.4057138843514e-07,16000
"3",177.272727272727,2.93759161440477e-09,1.15475018436229e-11,1.81100360818753e-07,TRUE,2.93759161440477e-09,1.15475018436229e-11,1.81100360818754e-07,16000
"3",180.090909090909,1.91528243265182e-09,5.98330274215187e-12,1.37554120699379e-07,TRUE,1.91528243265182e-09,5.98330274215187e-12,1.37554120699379e-07,16000
"3",182.909090909091,1.23598370427302e-09,3.07203984473148e-12,1.03828635864001e-07,TRUE,1.23598370427302e-09,3.07203984473148e-12,1.03828635864001e-07,16000
"3",185.727272727273,7.98787314071348e-10,1.55721269212705e-12,7.85054983298838e-08,TRUE,7.98787314071348e-10,1.55721269212705e-12,7.85054983298839e-08,16000
"3",188.545454545455,5.11796105495677e-10,7.89165954806495e-13,5.9364240884152e-08,TRUE,5.11796105495677e-10,7.89165954806495e-13,5.93642408841523e-08,16000
"3",191.363636363636,3.26453863941367e-10,3.86238263594407e-13,4.48785004519835e-08,TRUE,3.26453863941367e-10,3.86238263594407e-13,4.48785004519837e-08,16000
"3",194.181818181818,2.08512540567085e-10,1.95726768126292e-13,3.42414213455599e-08,TRUE,2.08512540567085e-10,1.95726768126292e-13,3.424142134556e-08,16000
"3",197,1.31979149831096e-10,9.30339139060266e-14,2.58829299049079e-08,TRUE,1.31979149831096e-10,9.30339139060266e-14,2.58829299049079e-08,16000
