"age_years","n_successful","n_records_age","proportion_successful","within_axis_limits"
1,0,2,0,TRUE
2,43,145,0.296551724137931,TRUE
3,329,598,0.550167224080268,TRUE
4,475,789,0.602027883396705,TRUE
5,491,809,0.606922126081582,TRUE
6,420,917,0.458015267175573,TRUE
7,461,768,0.600260416666667,TRUE
8,338,579,0.583765112262522,TRUE
9,486,700,0.694285714285714,TRUE
10,452,652,0.693251533742331,TRUE
11,371,584,0.63527397260274,TRUE
12,369,517,0.713733075435203,TRUE
13,215,342,0.628654970760234,TRUE
14,202,328,0.615853658536585,TRUE
15,168,257,0.653696498054475,TRUE
16,68,139,0.489208633093525,TRUE
17,58,105,0.552380952380952,TRUE
18,25,56,0.446428571428571,TRUE
19,19,45,0.422222222222222,TRUE
20,7,21,0.333333333333333,TRUE
21,4,12,0.333333333333333,TRUE
22,6,11,0.545454545454545,TRUE
23,0,2,0,TRUE
